namn,parti,valkrets,fodd
Arin Karapet,-,Stockholms kommun,1988
Daniel Riazat,-,Stockholms län,1991
Elsa Widding,-,Stockholms kommun,1968
Jamal El-Haj,-,Malmö kommun,1960
Katja Nyberg,-,Kronobergs län,1971
Lorena Delgado Varas,-,Stockholms kommun,1974
Malcolm Momodou Jallow,-,Malmö kommun,1975
Marléne Lund Kopparklint,-,Värmlands län,1973
Sara-Lena Bjälkö,-,Hallands län,1976
Alireza Akhondi,C,Stockholms län,1980
Anders Karlsson,C,Jönköpings län,1961
Anders W Jonsson,C,Gävleborgs län,1961
Anders Ådahl,C,Västra Götalands läns västra,1972
Anna Lasses,C,Stockholms län,1977
Anne-Li Sjölund,C,Västernorrlands län,1966
Annie Lööf,C,Jönköpings län,1983
Catarina Deremar,C,Uppsala län,1965
Christofer Bergenblock,C,Hallands län,1974
Daniel Bäckström,C,Värmlands län,1975
Elisabeth Thand Ringqvist,C,Stockholms kommun,1972
Helena Lindahl,C,Västerbottens län,1972
Helena Vilhelmsson,C,Örebro län,1965
Jonny Cato,C,Skåne läns västra,1994
Kerstin Lundgren,C,Stockholms län,1955
Madeleine Atlas,C,Skåne läns västra,1968
Malin Björk,C,Stockholms kommun,1969
Martin Ådahl,C,Stockholms kommun,1969
Martina Johansson,C,Södermanlands län,1975
Mikael Larsson,C,Västra Götalands läns södra,1989
Muharrem Demirok,C,Östergötlands län,1976
Niels Paarup-Petersen,C,Malmö kommun,1978
Rickard Nordin,C,Göteborgs kommun,1983
Stina Larsson,C,Skåne läns södra,1977
Ulrika Heie,C,Västra Götalands läns östra,1965
Ulrika Liljeberg,C,Dalarnas län,1969
Acko Ankarberg Johansson,KD,Jönköpings län,1964
Andreas Carlson,KD,Jönköpings län,1987
Camilla Brodin,KD,Stockholms kommun,1979
Cecilia Engström,KD,Skåne läns södra,1972
Christian Carlsson,KD,Stockholms län,1987
Ebba Busch,KD,Västra Götalands läns östra,1987
Gudrun Brunegård,KD,Kalmar län,1957
Hans Eklind,KD,Örebro län,1966
Ingemar Kihlström,KD,Västra Götalands läns södra,1966
Jakob Forssmed,KD,Stockholms län,1974
Kjell-Arne Ottosson,KD,Värmlands län,1975
Larry Söder,KD,Hallands län,1969
Lili André,KD,Gävleborgs län,1970
Magnus Berntsson,KD,Göteborgs kommun,1973
Magnus Jacobsson,KD,Västra Götalands läns norra,1968
Magnus Oscarsson,KD,Östergötlands län,1970
Mathias Bengtsson,KD,Dalarnas län,1998
Mikael Oscarsson,KD,Uppsala län,1967
Roland Utbult,KD,Västra Götalands läns västra,1951
Torsten Elofsson,KD,Skåne läns norra och östra,1950
Anna Starbrink,L,Stockholms län,1971
Camilla Mårtensen,L,Skåne läns södra,1970
Cecilia Rönn,L,Hallands län,1980
Elin Nilsson,L,Örebro län,1982
Fredrik Malm,L,Stockholms län,1977
Gulan Avci,L,Stockholms län,1977
Helena Gellerman,L,Västra Götalands läns västra,1960
Helene Odenjung,L,Göteborgs kommun,1965
Jakob Olofsgård,L,Jönköpings län,1975
Joar Forssell,L,Stockholms kommun,1993
Johan Pehrson,L,Örebro län,1968
Juno Blom,L,Östergötlands län,1968
Lina Nordquist,L,Uppsala län,1977
Louise Eklund,L,Malmö kommun,1979
Malin Danielsson,L,Stockholms kommun,1977
Martin Melin,L,Stockholms län,1967
Mats Persson,L,Skåne läns södra,1980
Mauricio Rojas,L,Skåne läns västra,1950
Patrik Karlson,L,Östergötlands län,1987
Paulina Brandberg,L,Stockholms län,1983
Robert Hannah,L,Göteborgs kommun,1985
Romina Pourmokhtari,L,Stockholms kommun,1995
Adam Reuterskiöld,M,Stockholms län,1966
Alexandra Anstrell,M,Stockholms län,1974
Andreas Norlén,M,Östergötlands län,1973
Ann-Charlotte Hammar Johnsson,M,Skåne läns västra,1966
Ann-Sofie Alm,M,Västra Götalands läns norra,1971
Ann-Sofie Lifvenhage,M,Södermanlands län,1976
Boriana Åberg,M,Skåne läns södra,1968
Camilla Brunsberg,M,Blekinge län,1972
Camilla Waltersson Grönvall,M,Västra Götalands läns västra,1969
Carl-Oskar Bohlin,M,Dalarnas län,1986
Caroline Högström,M,Västmanlands län,1991
Cecilia Gustafsson,M,Västra Götalands läns norra,1972
Charlotte Nordström,M,Västra Götalands läns östra,1963
Christian Sonesson,M,Skåne läns södra,1980
David Josefsson,M,Göteborgs kommun,1983
Edward Riedl,M,Västerbottens län,1976
Elisabeth Svantesson,M,Örebro län,1967
Ellen Juntti,M,Västra Götalands läns västra,1958
Emma Ahlström Köster,M,Skåne läns södra,1987
Erik Ottoson,M,Stockholms län,1989
Fredrik Ahlstedt,M,Uppsala län,1968
Fredrik Kärrholm,M,Stockholms kommun,1985
Gustaf Göthberg,M,Göteborgs kommun,1993
Hans Wallmark,M,Skåne läns norra och östra,1965
Helena Bouveng,M,Jönköpings län,1962
Helena Storckenfeldt,M,Hallands län,1995
Ida Drougge,M,Stockholms län,1990
Jan Ericson,M,Västra Götalands läns södra,1961
Jesper Skalberg Karlsson,M,Gotlands län,1993
Jessica Rosencrantz,M,Stockholms kommun,1987
Jessika Roswall,M,Uppsala län,1972
Johan Forssell,M,Stockholms kommun,1979
Johan Hultberg,M,Västra Götalands läns norra,1985
Johanna Rantsi,M,Västra Götalands läns västra,1990
John E Weinerhall,M,Östergötlands län,1995
John Widegren,M,Östergötlands län,1980
Josefin Malmqvist,M,Stockholms län,1987
Jörgen Berglund,M,Västernorrlands län,1974
Karin Enström,M,Stockholms län,1966
Kjell Jansson,M,Stockholms län,1959
Kristina Axén Olin,M,Stockholms kommun,1962
Lars Beckman,M,Gävleborgs län,1967
Lars Engsund,M,Kalmar län,1968
Lars Johnsson,M,Skåne läns norra och östra,1964
Lars Püss,M,Hallands län,1966
Louise Meijer,M,Skåne läns södra,1990
Magdalena Thuresson,M,Stockholms län,1990
Malin Höglund,M,Dalarnas län,1969
Margareta Cederfelt,M,Stockholms kommun,1959
Maria Malmer Stenergard,M,Skåne läns norra och östra,1981
Maria Stockhaus,M,Stockholms län,1963
Marie Nicholson,M,Kalmar län,1976
Marie-Louise Hänel Sandström,M,Göteborgs kommun,1968
Mats Green,M,Jönköpings län,1979
Mattias Karlsson,M,Norrbottens län,1972
Mikael Damsgaard,M,Västmanlands län,1976
Niklas Wykman,M,Stockholms län,1981
Noria Manouchi,M,Malmö kommun,1991
Oliver Rosengren,M,Kronobergs län,1992
Oskar Svärd,M,Örebro län,1995
Peter Ollén,M,Malmö kommun,1959
Pål Jonson,M,Värmlands län,1972
Saila Quicklund,M,Jämtlands län,1961
Stefan Olsson,M,Uppsala län,1968
Sten Bergheden,M,Västra Götalands läns östra,1965
Thomas Ragnarsson,M,Kronobergs län,1970
Tobias Billström,M,Stockholms län,1973
Ulf Kristersson,M,Södermanlands län,1963
Ulrik Nilsson,M,Västra Götalands läns södra,1963
Ulrika Heindorff,M,Skåne läns västra,1983
Viktor Wärnick,M,Gävleborgs län,1991
Amanda Lind,MP,Stockholms län,1980
Amanda Palmstierna,MP,Stockholms län,1977
Annika Hirvonen,MP,Stockholms län,1989
Camilla Hansén,MP,Örebro län,1976
Daniel Helldén,MP,Stockholms kommun,1965
Elin Söderberg,MP,Västerbottens län,1984
Emma Berginger,MP,Skåne läns södra,1986
Emma Nohrén,MP,Göteborgs kommun,1980
Jacob Risberg,MP,Uppsala län,1972
Jan Riise,MP,Hallands län,1957
Janine Alm Ericson,MP,Västra Götalands läns västra,1973
Katarina Luhr,MP,Stockholms kommun,1973
Leila Ali Elmi,MP,Göteborgs kommun,1988
Linus Lakso,MP,Södermanlands län,1983
Malte Tängmark Roos,MP,Malmö kommun,1994
Mats Berglund,MP,Stockholms kommun,1970
Märta Stenevi,MP,Stockholms län,1976
Nils Seye Larsen,MP,Västerbottens län,1980
Per Bolund,MP,Stockholms kommun,1971
Rasmus Ling,MP,Malmö kommun,1984
Rebecka Le Moine,MP,Östergötlands län,1990
Ulrika Westerlund,MP,Stockholms kommun,1972
Åsa Lindhagen,MP,Stockholms kommun,1980
Adnan Dibrani,S,Hallands län,1985
Adrian Magnusson,S,Skåne läns södra,1994
Agneta Nilsson,S,Skåne läns västra,1956
Aida Birinxhiku,S,Hallands län,1999
Alexandra Völker,S,Stockholms län,1989
Amalia Rud Stenlöf,S,Göteborgs kommun,1993
Anders Ygeman,S,Stockholms kommun,1970
Anna Vikström,S,Stockholms län,1957
Anna Wallentheim,S,Skåne läns norra och östra,1985
Anna-Belle Strömberg,S,Västernorrlands län,1965
Anna-Caren Sätherberg,S,Jämtlands län,1964
Annika Strandhäll,S,Stockholms kommun,1975
Arber Gashi,S,Hallands län,1994
Ardalan Shekarabi,S,Uppsala län,1978
Aylin Nouri,S,Västra Götalands läns västra,1992
Azadeh Rojhan,S,Stockholms län,1986
Azra Muranovic,S,Jönköpings län,1987
Björn Wiechel,S,Västerbottens län,1983
Blåvitt Elofsson,S,Värmlands län,1953
Carina Ohlsson,S,Västra Götalands läns östra,1957
Carina Ödebrink,S,Jönköpings län,1961
Caroline Helmersson Olsson,S,Södermanlands län,1963
Daniel Vencu Öhrlund Castro,S,Stockholms kommun,1994
Denis Begic,S,Örebro län,1970
Dzenan Cisija,S,Göteborgs kommun,1976
Erik Ezelius,S,Västra Götalands läns östra,1986
Eva Lindh,S,Östergötlands län,1971
Ewa Pihl Krabbe,S,Skåne läns norra och östra,1947
Fredrik Lundh Sammeli,S,Norrbottens län,1977
Fredrik Olovsson,S,Södermanlands län,1973
Gunilla Carlsson,S,Göteborgs kommun,1966
Gunilla Svantorp,S,Värmlands län,1964
Gustaf Lantz,S,Uppsala län,1981
Hanna Westerén,S,Gotlands län,1981
Hans Ekström,S,Södermanlands län,1958
Helén Pettersson,S,Västerbottens län,1972
Heléne Björklund,S,Blekinge län,1972
Ida Ekeroth Clausson,S,Västra Götalands läns östra,1991
Ida Karkiainen,S,Norrbottens län,1988
Ilan De Basso,S,Jönköpings län,1969
Inga-Lill Sjöblom,S,Uppsala län,1959
Ingela Nylund Watz,S,Stockholms län,1962
Isak From,S,Västerbottens län,1967
Jennie Nilsson,S,Hallands län,1972
Jessica Rodén,S,Västra Götalands läns södra,1976
Joakim Järrebring,S,Västra Götalands läns västra,1976
Joakim Sandell,S,Malmö kommun,1975
Johan Andersson,S,Östergötlands län,1961
Johan Büser,S,Göteborgs kommun,1983
Johan Löfstrand,S,Östergötlands län,1976
Johanna Haraldsson,S,Jönköpings län,1980
Jonathan Svensson,S,Västra Götalands läns norra,2000
Jytte Guteland,S,Stockholms kommun,1979
Kadir Kasirga,S,Stockholms kommun,1975
Kalle Olsson,S,Jämtlands län,1984
Karin Sundin,S,Örebro län,1972
Kenneth G Forslund,S,Västra Götalands läns västra,1967
Kristoffer Lindberg,S,Gävleborgs län,1992
Laila Naraghi,S,Kalmar län,1982
Lars Isacsson,S,Dalarnas län,1970
Lars Mejern Larsson,S,Värmlands län,1965
Lawen Redar,S,Stockholms kommun,1989
Leif Nysmed,S,Stockholms län,1970
Lena Hallengren,S,Kalmar län,1973
Lena Johansson,S,Västmanlands län,1969
Linnéa Wickman,S,Gävleborgs län,1992
Linus Sköld,S,Norrbottens län,1983
Louise Thunström,S,Västra Götalands läns norra,1973
Magdalena Andersson,S,Stockholms län,1967
Magnus Manhammar,S,Blekinge län,1980
Malin Larsson,S,Västernorrlands län,1980
Marianne Fundahn,S,Skåne läns södra,1958
Marie Olsson,S,Dalarnas län,1967
Markus Kallifatides,S,Stockholms kommun,1972
Markus Selin,S,Stockholms län,1978
Mathias Tegnér,S,Stockholms län,1979
Matilda Ernkrans,S,Örebro län,1973
Mats Wiking,S,Västra Götalands läns norra,1961
Mattias Jonsson,S,Göteborgs kommun,1974
Mattias Ottosson,S,Östergötlands län,1971
Mattias Vepsä,S,Stockholms kommun,1980
Mikael Dahlqvist,S,Värmlands län,1967
Mikael Damberg,S,Stockholms län,1971
Mirja Räihä,S,Stockholms kommun,1959
Monica Haider,S,Kronobergs län,1963
Morgan Johansson,S,Skåne läns södra,1970
Niklas Karlsson,S,Skåne läns västra,1974
Niklas Sigvardsson,S,Jönköpings län,1991
Ola Möller,S,Skåne läns västra,1983
Olle Thorell,S,Västmanlands län,1967
Patrik Björck,S,Västra Götalands läns östra,1957
Patrik Lundqvist,S,Gävleborgs län,1984
Paula Holmqvist,S,Västra Götalands läns norra,1964
Peder Björk,S,Västernorrlands län,1975
Per-Arne Håkansson,S,Skåne läns norra och östra,1963
Peter Hedberg,S,Västernorrlands län,1990
Peter Hultqvist,S,Dalarnas län,1958
Petter Löberg,S,Västra Götalands läns södra,1968
Robert Olesen,S,Kronobergs län,1975
Rose-Marie Carlsson,S,Malmö kommun,1954
Sanna Backeskog,S,Gävleborgs län,1985
Sanne Lennström,S,Uppsala län,1988
Serkan Köse,S,Stockholms län,1976
Sofia Amloh,S,Södermanlands län,1986
Sofia Skönnbrink,S,Värmlands län,1991
Sofie Eriksson,S,Dalarnas län,1992
Teresa Carvalho,S,Östergötlands län,1984
Tomas Eneroth,S,Kronobergs län,1966
Tomas Kronståhl,S,Kalmar län,1967
Yasmine Bladelius,S,Skåne läns västra,1988
Zara Leghissa,S,Norrbottens län,1970
Åsa Eriksson,S,Västmanlands län,1972
Åsa Karlsson,S,Västerbottens län,1973
Åsa Westlund,S,Stockholms län,1976
Adam Marttinen,SD,Södermanlands län,1983
Alexander Christiansson,SD,Västra Götalands läns västra,1981
Anders Alftberg,SD,Västra Götalands läns södra,1973
Angelica Lundberg,SD,Västmanlands län,1981
Angelika Bengtsson,SD,Stockholms kommun,1990
Ann-Christine Frohm,SD,Blekinge län,1972
Anna-Lena Hedberg,SD,Dalarnas län,1973
Aron Emilsson,SD,Östergötlands län,1990
Beatrice Timgren,SD,Stockholms län,1989
Björn Söder,SD,Skåne läns norra och östra,1976
Björn Tidland,SD,Göteborgs kommun,1963
Bo Broman,SD,Skåne läns västra,1969
Carina Ståhl Herrstedt,SD,Skåne läns västra,1971
Carita Boulwén,SD,Hallands län,1967
Charlotte Quensel,SD,Värmlands län,1961
Chris Dahlqvist,SD,Östergötlands län,1995
Christian Lindefjärd,SD,Stockholms län,1976
Clara Aranda,SD,Östergötlands län,1988
Daniel Persson,SD,Gävleborgs län,1982
Daniel Spiik,SD,Örebro län,1977
David Lång,SD,Västernorrlands län,1972
David Perez,SD,Uppsala län,1990
Dennis Dioukarev,SD,Göteborgs kommun,1993
Eric Palmqvist,SD,Norrbottens län,1970
Eric Westroth,SD,Jönköpings län,1971
Erik Hellsborn,SD,Hallands län,1984
Fredrik Lindahl,SD,Stockholms län,1987
Gabriel Kroon,SD,Stockholms kommun,1996
Göran Hargestam,SD,Östergötlands län,1966
Henrik Vinge,SD,Stockholms kommun,1988
Jessica Stegrud,SD,Skåne läns södra,1970
Jimmie Åkesson,SD,Jönköpings län,1979
Jimmy Ståhl,SD,Göteborgs kommun,1975
Johnny Svedin,SD,Norrbottens län,1969
Jonas Andersson,SD,Östergötlands län,1989
Josef Fransson,SD,Jämtlands län,1978
Julia Kronlid,SD,Stockholms län,1980
Jörgen Grubb,SD,Västra Götalands läns östra,1962
Kent Kumpula,SD,Uppsala län,1975
Lars Andersson,SD,Skåne läns södra,1964
Lars Wistedt,SD,Uppsala län,1964
Leonid Yurkovskiy,SD,Stockholms län,1995
Linda Lindberg,SD,Skåne läns västra,1974
Ludvig Aspling,SD,Stockholms län,1983
Magnus Persson,SD,Skåne läns norra och östra,1970
Markus Wiechel,SD,Västra Götalands läns norra,1988
Martin Kinnunen,SD,Stockholms län,1983
Martin Westmont,SD,Stockholms kommun,1978
Matheus Enholm,SD,Västra Götalands läns norra,1979
Mats Arkhem,SD,Stockholms län,1966
Mats Hellhoff,SD,Västernorrlands län,1954
Mats Nordberg,SD,Dalarnas län,1958
Mattias Bäckström Johansson,SD,Kalmar län,1985
Mattias Eriksson Falk,SD,Södermanlands län,1990
Mattias Karlsson,SD,Kronobergs län,1977
Michael Rubbestad,SD,Örebro län,1980
Mikael Eskilandersson,SD,Skåne läns norra och östra,1977
Mona Olin,SD,Kalmar län,1967
Msciwoj Swigon,SD,Stockholms län,1979
Nima Gholam Ali Pour,SD,Malmö kommun,1981
Oscar Sjöstedt,SD,Västmanlands län,1981
Patrick Reslow,SD,Malmö kommun,1970
Patrik Jönsson,SD,Västra Götalands läns södra,1972
Per Söderlund,SD,Örebro län,1972
Pia Trollehjelm,SD,Skåne läns västra,1967
Pontus Andersson Garpvall,SD,Västerbottens län,1992
Rashid Farivar,SD,Västra Götalands läns västra,1982
Rasmus Giertz,SD,Dalarnas län,1994
Richard Jomshof,SD,Blekinge län,1969
Robert Stenkvist,SD,Stockholms län,1958
Roger Hedlund,SD,Gävleborgs län,1979
Runar Filper,SD,Värmlands län,1964
Sara Gille,SD,Dalarnas län,1981
Staffan Eklöf,SD,Jönköpings län,1965
Sven-Olof Sällström,SD,Östergötlands län,1968
Thomas Morell,SD,Skåne läns norra och östra,1957
Tobias Andersson,SD,Västra Götalands läns östra,1996
Ulf Lindholm,SD,Västernorrlands län,1963
Victoria Tiblom,SD,Skåne läns södra,1969
Yasmine Eriksson,SD,Västra Götalands läns västra,1989
Ali Esbati,V,Stockholms kommun,1976
Andrea Andersson Tay,V,Stockholms län,1988
Andreas Lennkvist Manriquez,V,Stockholms kommun,1994
Birger Lahti,V,Norrbottens län,1964
Ciczie Weidby,V,Jönköpings län,1974
Gudrun Nordborg,V,Västerbottens län,1946
Hanna Gunnarsson,V,Skåne läns södra,1983
Håkan Svenneling,V,Värmlands län,1985
Ida Gabrielsson,V,Stockholms kommun,1981
Ilona Szatmári Waldau,V,Uppsala län,1962
Isabell Mixter,V,Västernorrlands län,1989
Jessica Wetterling,V,Västra Götalands läns västra,1986
Kajsa Fredholm,V,Dalarnas län,1961
Karin Rågsjö,V,Stockholms kommun,1955
Linda W Snecker,V,Östergötlands län,1983
Lotta Johnsson Fornarve,V,Södermanlands län,1956
Maj Karlsson,V,Göteborgs kommun,1980
Malin Östh,V,Östergötlands län,1972
Nadja Awad,V,Örebro län,1991
Nooshi Dadgostar,V,Stockholms län,1985
Samuel Gonzalez Westling,V,Gävleborgs län,1983
Tony Haddou,V,Göteborgs kommun,1989
Vasiliki Tsouplaki,V,Västmanlands län,1980
