kommunkod,kommun,antal_valkretsar,sparr
0114,Upplands Väsby,1,2.0
0115,Vallentuna,1,2.0
0117,Österåker,1,2.0
0120,Värmdö,1,2.0
0123,Järfälla,1,2.0
0125,Ekerö,1,2.0
0126,Huddinge,1,2.0
0127,Botkyrka,1,2.0
0128,Salem,1,2.0
0136,Haninge,2,3.0
0138,Tyresö,1,2.0
0139,Upplands-Bro,1,2.0
0140,Nykvarn,1,2.0
0160,Täby,2,3.0
0162,Danderyd,1,2.0
0163,Sollentuna,1,2.0
0180,Stockholm,6,3.0
0181,Södertälje,1,2.0
0182,Nacka,2,3.0
0183,Sundbyberg,1,2.0
0184,Solna,1,2.0
0186,Lidingö,1,2.0
0187,Vaxholm,1,2.0
0188,Norrtälje,1,2.0
0191,Sigtuna,1,2.0
0192,Nynäshamn,1,2.0
0305,Håbo,1,2.0
0319,Älvkarleby,1,2.0
0330,Knivsta,1,2.0
0331,Heby,1,2.0
0360,Tierp,1,2.0
0380,Uppsala,1,2.0
0381,Enköping,1,2.0
0382,Östhammar,1,2.0
0428,Vingåker,1,2.0
0461,Gnesta,1,2.0
0480,Nyköping,1,2.0
0481,Oxelösund,1,2.0
0482,Flen,1,2.0
0483,Katrineholm,1,2.0
0484,Eskilstuna,1,2.0
0486,Strängnäs,1,2.0
0488,Trosa,1,2.0
0509,Ödeshög,1,2.0
0512,Ydre,1,2.0
0513,Kinda,1,2.0
0560,Boxholm,1,2.0
0561,Åtvidaberg,1,2.0
0562,Finspång,1,2.0
0563,Valdemarsvik,1,2.0
0580,Linköping,3,3.0
0581,Norrköping,1,2.0
0582,Söderköping,1,2.0
0583,Motala,1,2.0
0584,Vadstena,1,2.0
0586,Mjölby,1,2.0
0604,Aneby,1,2.0
0617,Gnosjö,1,2.0
0642,Mullsjö,1,2.0
0643,Habo,1,2.0
0662,Gislaved,1,2.0
0665,Vaggeryd,1,2.0
0680,Jönköping,1,2.0
0682,Nässjö,1,2.0
0683,Värnamo,1,2.0
0684,Sävsjö,1,2.0
0685,Vetlanda,1,2.0
0686,Eksjö,1,2.0
0687,Tranås,1,2.0
0760,Uppvidinge,1,2.0
0761,Lessebo,1,2.0
0763,Tingsryd,1,2.0
0764,Alvesta,1,2.0
0765,Älmhult,1,2.0
0767,Markaryd,1,2.0
0780,Växjö,1,2.0
0781,Ljungby,1,2.0
0821,Högsby,1,2.0
0834,Torsås,1,2.0
0840,Mörbylånga,1,2.0
0860,Hultsfred,1,2.0
0861,Mönsterås,1,2.0
0862,Emmaboda,1,2.0
0880,Kalmar,2,3.0
0881,Nybro,1,2.0
0882,Oskarshamn,1,2.0
0883,Västervik,1,2.0
0884,Vimmerby,1,2.0
0885,Borgholm,1,2.0
0980,Gotland,1,2.0
1060,Olofström,1,2.0
1080,Karlskrona,3,3.0
1081,Ronneby,1,2.0
1082,Karlshamn,1,2.0
1083,Sölvesborg,1,2.0
1214,Svalöv,1,2.0
1230,Staffanstorp,1,2.0
1231,Burlöv,1,2.0
1233,Vellinge,1,2.0
1256,Östra Göinge,1,2.0
1257,Örkelljunga,1,2.0
1260,Bjuv,1,2.0
1261,Kävlinge,1,2.0
1262,Lomma,1,2.0
1263,Svedala,1,2.0
1264,Skurup,1,2.0
1265,Sjöbo,1,2.0
1266,Hörby,1,2.0
1267,Höör,1,2.0
1270,Tomelilla,1,2.0
1272,Bromölla,1,2.0
1273,Osby,1,2.0
1275,Perstorp,1,2.0
1276,Klippan,1,2.0
1277,Åstorp,1,2.0
1278,Båstad,1,2.0
1280,Malmö,2,3.0
1281,Lund,1,2.0
1282,Landskrona,1,2.0
1283,Helsingborg,1,2.0
1284,Höganäs,1,2.0
1285,Eslöv,1,2.0
1286,Ystad,1,2.0
1287,Trelleborg,2,3.0
1290,Kristianstad,2,3.0
1291,Simrishamn,1,2.0
1292,Ängelholm,1,2.0
1293,Hässleholm,1,2.0
1315,Hylte,1,2.0
1380,Halmstad,1,2.0
1381,Laholm,1,2.0
1382,Falkenberg,1,2.0
1383,Varberg,2,3.0
1384,Kungsbacka,1,2.0
1401,Härryda,1,2.0
1402,Partille,1,2.0
1407,Öckerö,1,2.0
1415,Stenungsund,1,2.0
1419,Tjörn,1,2.0
1421,Orust,1,2.0
1427,Sotenäs,1,2.0
1430,Munkedal,1,2.0
1435,Tanum,1,2.0
1438,Dals-Ed,1,2.0
1439,Färgelanda,1,2.0
1440,Ale,1,2.0
1441,Lerum,1,2.0
1442,Vårgårda,1,2.0
1443,Bollebygd,1,2.0
1444,Grästorp,1,2.0
1445,Essunga,1,2.0
1446,Karlsborg,1,2.0
1447,Gullspång,1,2.0
1452,Tranemo,1,2.0
1460,Bengtsfors,1,2.0
1461,Mellerud,1,2.0
1462,Lilla Edet,1,2.0
1463,Mark,1,2.0
1465,Svenljunga,1,2.0
1466,Herrljunga,1,2.0
1470,Vara,1,2.0
1471,Götene,1,2.0
1472,Tibro,1,2.0
1473,Töreboda,1,2.0
1480,Göteborg,1,2.0
1481,Mölndal,1,2.0
1482,Kungälv,1,2.0
1484,Lysekil,1,2.0
1485,Uddevalla,1,2.0
1486,Strömstad,1,2.0
1487,Vänersborg,1,2.0
1488,Trollhättan,2,3.0
1489,Alingsås,1,2.0
1490,Borås,3,3.0
1491,Ulricehamn,1,2.0
1492,Åmål,1,2.0
1493,Mariestad,1,2.0
1494,Lidköping,1,2.0
1495,Skara,1,2.0
1496,Skövde,1,2.0
1497,Hjo,1,2.0
1498,Tidaholm,1,2.0
1499,Falköping,1,2.0
1715,Kil,1,2.0
1730,Eda,1,2.0
1737,Torsby,1,2.0
1760,Storfors,1,2.0
1761,Hammarö,1,2.0
1762,Munkfors,1,2.0
1763,Forshaga,1,2.0
1764,Grums,1,2.0
1765,Årjäng,1,2.0
1766,Sunne,1,2.0
1780,Karlstad,1,2.0
1781,Kristinehamn,1,2.0
1782,Filipstad,1,2.0
1783,Hagfors,1,2.0
1784,Arvika,1,2.0
1785,Säffle,1,2.0
1814,Lekeberg,1,2.0
1860,Laxå,1,2.0
1861,Hallsberg,1,2.0
1862,Degerfors,1,2.0
1863,Hällefors,1,2.0
1864,Ljusnarsberg,1,2.0
1880,Örebro,2,3.0
1881,Kumla,1,2.0
1882,Askersund,1,2.0
1883,Karlskoga,1,2.0
1884,Nora,1,2.0
1885,Lindesberg,1,2.0
1904,Skinnskatteberg,1,2.0
1907,Surahammar,1,2.0
1960,Kungsör,1,2.0
1961,Hallstahammar,1,2.0
1962,Norberg,1,2.0
1980,Västerås,1,2.0
1981,Sala,1,2.0
1982,Fagersta,1,2.0
1983,Köping,1,2.0
1984,Arboga,1,2.0
2021,Vansbro,1,2.0
2023,Malung-Sälen,1,2.0
2026,Gagnef,1,2.0
2029,Leksand,1,2.0
2031,Rättvik,1,2.0
2034,Orsa,1,2.0
2039,Älvdalen,1,2.0
2061,Smedjebacken,1,2.0
2062,Mora,1,2.0
2080,Falun,1,2.0
2081,Borlänge,1,2.0
2082,Säter,1,2.0
2083,Hedemora,1,2.0
2084,Avesta,1,2.0
2085,Ludvika,1,2.0
2101,Ockelbo,1,2.0
2104,Hofors,1,2.0
2121,Ovanåker,1,2.0
2132,Nordanstig,1,2.0
2161,Ljusdal,1,2.0
2180,Gävle,1,2.0
2181,Sandviken,1,2.0
2182,Söderhamn,1,2.0
2183,Bollnäs,1,2.0
2184,Hudiksvall,1,2.0
2260,Ånge,1,2.0
2262,Timrå,1,2.0
2280,Härnösand,1,2.0
2281,Sundsvall,2,3.0
2282,Kramfors,1,2.0
2283,Sollefteå,1,2.0
2284,Örnsköldsvik,2,3.0
2303,Ragunda,1,2.0
2305,Bräcke,1,2.0
2309,Krokom,1,2.0
2313,Strömsund,1,2.0
2321,Åre,1,2.0
2326,Berg,1,2.0
2361,Härjedalen,1,2.0
2380,Östersund,1,2.0
2401,Nordmaling,1,2.0
2403,Bjurholm,1,2.0
2404,Vindeln,1,2.0
2409,Robertsfors,1,2.0
2417,Norsjö,1,2.0
2418,Malå,1,2.0
2421,Storuman,1,2.0
2422,Sorsele,1,2.0
2425,Dorotea,1,2.0
2460,Vännäs,1,2.0
2462,Vilhelmina,1,2.0
2463,Åsele,1,2.0
2480,Umeå,2,3.0
2481,Lycksele,1,2.0
2482,Skellefteå,1,2.0
2505,Arvidsjaur,1,2.0
2506,Arjeplog,1,2.0
2510,Jokkmokk,1,2.0
2513,Överkalix,1,2.0
2514,Kalix,1,2.0
2518,Övertorneå,1,2.0
2521,Pajala,1,2.0
2523,Gällivare,1,2.0
2560,Älvsbyn,1,2.0
2580,Luleå,1,2.0
2581,Piteå,1,2.0
2582,Boden,1,2.0
2583,Haparanda,1,2.0
2584,Kiruna,1,2.0
