omrade_kod,omrade_namn,parti,procent,mandat
0114,Upplands Väsby,V,8.9,6
0114,Upplands Väsby,S,27.3,17
0114,Upplands Väsby,MP,4.6,3
0114,Upplands Väsby,C,5.2,3
0114,Upplands Väsby,L,2.7,2
0114,Upplands Väsby,M,21.6,13
0114,Upplands Väsby,KD,3.8,2
0114,Upplands Väsby,SD,13.6,8
0115,Vallentuna,V,3.8,2
0115,Vallentuna,S,20.1,10
0115,Vallentuna,MP,6.7,3
0115,Vallentuna,C,9.6,5
0115,Vallentuna,L,4.8,3
0115,Vallentuna,M,33.9,18
0115,Vallentuna,KD,5.5,3
0115,Vallentuna,SD,13.8,7
0117,Österåker,V,3.9,2
0117,Österåker,S,19.3,12
0117,Österåker,MP,4.5,3
0117,Österåker,C,5.5,3
0117,Österåker,L,4.0,3
0117,Österåker,M,42.0,26
0117,Österåker,KD,4.3,3
0117,Österåker,SD,8.7,5
0120,Värmdö,V,4.3,2
0120,Värmdö,S,25.5,13
0120,Värmdö,MP,6.4,3
0120,Värmdö,C,6.4,3
0120,Värmdö,L,3.1,2
0120,Värmdö,M,34.8,18
0120,Värmdö,KD,3.9,2
0120,Värmdö,SD,10.8,6
0123,Järfälla,V,12.9,8
0123,Järfälla,S,30.8,19
0123,Järfälla,MP,5.0,3
0123,Järfälla,C,4.4,3
0123,Järfälla,L,5.9,4
0123,Järfälla,M,18.8,12
0123,Järfälla,KD,3.9,2
0123,Järfälla,SD,10.3,6
0125,Ekerö,V,2.9,1
0125,Ekerö,S,19.6,8
0125,Ekerö,MP,6.4,3
0125,Ekerö,C,8.3,4
0125,Ekerö,L,5.0,2
0125,Ekerö,M,28.4,12
0125,Ekerö,KD,6.4,3
0125,Ekerö,SD,12.8,5
0126,Huddinge,V,11.3,7
0126,Huddinge,S,27.3,17
0126,Huddinge,MP,6.2,4
0126,Huddinge,C,6.1,4
0126,Huddinge,L,5.5,3
0126,Huddinge,M,20.6,13
0126,Huddinge,KD,3.7,2
0126,Huddinge,SD,11.5,7
0127,Botkyrka,V,13.6,11
0127,Botkyrka,S,28.6,22
0127,Botkyrka,MP,4.7,4
0127,Botkyrka,C,2.7,2
0127,Botkyrka,L,1.3,0
0127,Botkyrka,M,12.8,10
0127,Botkyrka,KD,4.4,3
0127,Botkyrka,SD,12.1,9
0128,Salem,V,5.8,2
0128,Salem,S,22.5,7
0128,Salem,MP,3.4,1
0128,Salem,C,9.6,3
0128,Salem,L,2.6,1
0128,Salem,M,32.2,10
0128,Salem,KD,4.3,1
0128,Salem,SD,10.8,4
0136,Haninge,V,9.7,6
0136,Haninge,S,30.9,19
0136,Haninge,MP,4.0,2
0136,Haninge,C,5.9,4
0136,Haninge,L,4.5,3
0136,Haninge,M,21.2,13
0136,Haninge,KD,5.7,3
0136,Haninge,SD,17.3,11
0138,Tyresö,V,5.6,3
0138,Tyresö,S,29.4,18
0138,Tyresö,MP,6.8,4
0138,Tyresö,C,4.7,3
0138,Tyresö,L,4.5,3
0138,Tyresö,M,30.9,19
0138,Tyresö,KD,3.7,2
0138,Tyresö,SD,13.8,9
0139,Upplands-Bro,V,10.6,5
0139,Upplands-Bro,S,33.1,17
0139,Upplands-Bro,MP,3.6,2
0139,Upplands-Bro,C,4.9,3
0139,Upplands-Bro,L,4.4,2
0139,Upplands-Bro,M,21.4,11
0139,Upplands-Bro,KD,5.5,3
0139,Upplands-Bro,SD,15.8,8
0140,Nykvarn,V,2.5,1
0140,Nykvarn,S,17.7,5
0140,Nykvarn,MP,3.2,1
0140,Nykvarn,C,4.0,1
0140,Nykvarn,L,4.8,1
0140,Nykvarn,M,28.0,9
0140,Nykvarn,KD,4.9,2
0140,Nykvarn,SD,21.0,7
0160,Täby,V,2.3,0
0160,Täby,S,16.1,10
0160,Täby,MP,5.2,3
0160,Täby,C,8.9,6
0160,Täby,L,8.0,5
0160,Täby,M,46.7,29
0160,Täby,KD,4.3,3
0160,Täby,SD,7.5,5
0162,Danderyd,V,1.3,0
0162,Danderyd,S,10.8,6
0162,Danderyd,MP,4.2,2
0162,Danderyd,C,22.8,12
0162,Danderyd,L,8.2,4
0162,Danderyd,M,38.1,20
0162,Danderyd,KD,6.5,4
0162,Danderyd,SD,6.3,3
0163,Sollentuna,V,7.4,5
0163,Sollentuna,S,27.3,17
0163,Sollentuna,MP,5.7,3
0163,Sollentuna,C,7.8,5
0163,Sollentuna,L,5.9,4
0163,Sollentuna,M,31.7,19
0163,Sollentuna,KD,5.5,3
0163,Sollentuna,SD,7.9,5
0180,Stockholm,V,14.3,15
0180,Stockholm,S,26.3,27
0180,Stockholm,MP,11.2,11
0180,Stockholm,C,7.7,8
0180,Stockholm,L,5.1,5
0180,Stockholm,M,22.4,23
0180,Stockholm,KD,4.2,4
0180,Stockholm,SD,7.3,8
0181,Södertälje,V,9.2,6
0181,Södertälje,S,28.6,18
0181,Södertälje,MP,5.7,4
0181,Södertälje,C,4.6,3
0181,Södertälje,L,3.0,2
0181,Södertälje,M,18.0,12
0181,Södertälje,KD,9.1,6
0181,Södertälje,SD,16.9,11
0182,Nacka,V,6.3,4
0182,Nacka,S,18.8,11
0182,Nacka,MP,6.5,4
0182,Nacka,C,8.2,5
0182,Nacka,L,3.7,2
0182,Nacka,M,33.1,20
0182,Nacka,KD,4.2,3
0182,Nacka,SD,6.2,4
0183,Sundbyberg,V,13.1,8
0183,Sundbyberg,S,31.0,19
0183,Sundbyberg,MP,6.8,4
0183,Sundbyberg,C,6.9,4
0183,Sundbyberg,L,5.1,3
0183,Sundbyberg,M,22.4,14
0183,Sundbyberg,KD,4.5,3
0183,Sundbyberg,SD,8.8,6
0184,Solna,V,9.2,6
0184,Solna,S,31.7,19
0184,Solna,MP,6.9,4
0184,Solna,C,7.4,4
0184,Solna,L,4.8,3
0184,Solna,M,27.5,17
0184,Solna,KD,4.2,3
0184,Solna,SD,7.5,5
0186,Lidingö,V,3.7,2
0186,Lidingö,S,11.8,7
0186,Lidingö,MP,4.9,3
0186,Lidingö,C,12.5,8
0186,Lidingö,L,6.2,4
0186,Lidingö,M,36.8,22
0186,Lidingö,KD,4.5,3
0186,Lidingö,SD,4.5,3
0187,Vaxholm,V,5.1,2
0187,Vaxholm,S,11.1,3
0187,Vaxholm,MP,5.1,2
0187,Vaxholm,C,9.9,3
0187,Vaxholm,L,5.0,2
0187,Vaxholm,M,29.1,9
0187,Vaxholm,KD,3.3,1
0187,Vaxholm,SD,7.3,2
0188,Norrtälje,V,5.1,3
0188,Norrtälje,S,26.7,17
0188,Norrtälje,MP,4.8,3
0188,Norrtälje,C,7.7,5
0188,Norrtälje,L,5.5,3
0188,Norrtälje,M,20.9,13
0188,Norrtälje,KD,5.0,3
0188,Norrtälje,SD,22.8,14
0191,Sigtuna,V,11.1,7
0191,Sigtuna,S,30.1,19
0191,Sigtuna,MP,3.4,2
0191,Sigtuna,C,3.4,2
0191,Sigtuna,L,3.0,2
0191,Sigtuna,M,29.5,18
0191,Sigtuna,KD,4.7,3
0191,Sigtuna,SD,12.5,8
0192,Nynäshamn,V,5.6,2
0192,Nynäshamn,S,28.9,12
0192,Nynäshamn,MP,4.4,2
0192,Nynäshamn,C,3.9,2
0192,Nynäshamn,L,3.4,1
0192,Nynäshamn,M,21.6,9
0192,Nynäshamn,KD,4.7,2
0192,Nynäshamn,SD,18.0,7
0305,Håbo,V,4.2,2
0305,Håbo,S,17.8,7
0305,Håbo,MP,3.5,1
0305,Håbo,C,4.0,2
0305,Håbo,L,5.3,2
0305,Håbo,M,21.3,9
0305,Håbo,KD,3.8,2
0305,Håbo,SD,17.4,7
0319,Älvkarleby,V,6.5,2
0319,Älvkarleby,S,30.6,10
0319,Älvkarleby,MP,2.8,1
0319,Älvkarleby,C,2.9,1
0319,Älvkarleby,L,1.2,0
0319,Älvkarleby,M,25.1,8
0319,Älvkarleby,KD,7.1,2
0319,Älvkarleby,SD,19.3,6
0330,Knivsta,V,6.3,2
0330,Knivsta,S,14.9,4
0330,Knivsta,MP,5.7,2
0330,Knivsta,C,6.0,2
0330,Knivsta,L,2.4,1
0330,Knivsta,M,12.9,4
0330,Knivsta,KD,6.7,2
0330,Knivsta,SD,11.8,4
0331,Heby,V,5.2,2
0331,Heby,S,25.4,11
0331,Heby,MP,3.5,1
0331,Heby,C,13.4,6
0331,Heby,L,1.9,0
0331,Heby,M,18.3,8
0331,Heby,KD,6.9,3
0331,Heby,SD,23.8,10
0360,Tierp,V,5.6,2
0360,Tierp,S,27.2,11
0360,Tierp,MP,4.4,2
0360,Tierp,C,10.9,5
0360,Tierp,L,1.7,0
0360,Tierp,M,14.9,6
0360,Tierp,KD,5.1,2
0360,Tierp,SD,16.1,7
0380,Uppsala,V,12.9,11
0380,Uppsala,S,25.9,21
0380,Uppsala,MP,9.3,8
0380,Uppsala,C,8.0,7
0380,Uppsala,L,3.4,3
0380,Uppsala,M,19.2,16
0380,Uppsala,KD,6.8,5
0380,Uppsala,SD,9.5,8
0381,Enköping,V,6.3,4
0381,Enköping,S,25.6,16
0381,Enköping,MP,3.6,2
0381,Enköping,C,6.4,4
0381,Enköping,L,2.5,2
0381,Enköping,M,21.7,13
0381,Enköping,KD,6.5,4
0381,Enköping,SD,17.9,11
0382,Östhammar,V,3.3,2
0382,Östhammar,S,30.6,15
0382,Östhammar,MP,2.5,1
0382,Östhammar,C,8.7,4
0382,Östhammar,L,2.1,1
0382,Östhammar,M,21.0,10
0382,Östhammar,KD,8.0,4
0382,Östhammar,SD,20.2,10
0428,Vingåker,V,4.7,1
0428,Vingåker,S,30.7,10
0428,Vingåker,MP,2.9,1
0428,Vingåker,C,7.0,2
0428,Vingåker,L,1.3,0
0428,Vingåker,M,25.0,8
0428,Vingåker,KD,4.5,1
0428,Vingåker,SD,18.5,6
0461,Gnesta,V,8.3,3
0461,Gnesta,S,19.7,6
0461,Gnesta,MP,20.8,7
0461,Gnesta,C,9.3,3
0461,Gnesta,L,0.3,0
0461,Gnesta,M,23.2,7
0461,Gnesta,KD,3.9,1
0461,Gnesta,SD,14.2,4
0480,Nyköping,V,6.4,4
0480,Nyköping,S,32.2,20
0480,Nyköping,MP,6.0,4
0480,Nyköping,C,6.4,4
0480,Nyköping,L,2.5,2
0480,Nyköping,M,25.4,15
0480,Nyköping,KD,5.0,3
0480,Nyköping,SD,15.6,9
0481,Oxelösund,V,8.2,3
0481,Oxelösund,S,39.3,12
0481,Oxelösund,MP,2.0,1
0481,Oxelösund,C,3.5,1
0481,Oxelösund,L,1.6,0
0481,Oxelösund,M,30.4,10
0481,Oxelösund,KD,3.7,1
0481,Oxelösund,SD,11.1,3
0482,Flen,V,11.6,5
0482,Flen,S,21.4,9
0482,Flen,MP,4.6,2
0482,Flen,C,9.5,4
0482,Flen,L,3.1,1
0482,Flen,M,18.8,8
0482,Flen,KD,4.1,2
0482,Flen,SD,17.0,8
0483,Katrineholm,V,6.8,4
0483,Katrineholm,S,38.3,20
0483,Katrineholm,MP,3.4,2
0483,Katrineholm,C,6.0,3
0483,Katrineholm,L,5.7,3
0483,Katrineholm,M,17.7,9
0483,Katrineholm,KD,6.1,3
0483,Katrineholm,SD,13.3,7
0484,Eskilstuna,V,10.5,7
0484,Eskilstuna,S,31.6,21
0484,Eskilstuna,MP,3.9,3
0484,Eskilstuna,C,4.9,3
0484,Eskilstuna,L,3.3,2
0484,Eskilstuna,M,18.1,12
0484,Eskilstuna,KD,4.5,3
0484,Eskilstuna,SD,21.2,14
0486,Strängnäs,V,5.7,3
0486,Strängnäs,S,23.0,13
0486,Strängnäs,MP,4.6,3
0486,Strängnäs,C,4.9,3
0486,Strängnäs,L,3.5,2
0486,Strängnäs,M,31.8,17
0486,Strängnäs,KD,4.2,2
0486,Strängnäs,SD,15.8,9
0488,Trosa,V,3.8,1
0488,Trosa,S,25.2,9
0488,Trosa,MP,4.7,2
0488,Trosa,C,6.2,2
0488,Trosa,L,2.9,1
0488,Trosa,M,40.3,14
0488,Trosa,KD,4.2,2
0488,Trosa,SD,12.2,4
0509,Ödeshög,V,1.1,0
0509,Ödeshög,S,17.9,5
0509,Ödeshög,MP,7.0,2
0509,Ödeshög,C,6.7,2
0509,Ödeshög,L,1.5,0
0509,Ödeshög,M,30.5,9
0509,Ödeshög,KD,23.2,7
0509,Ödeshög,SD,12.0,4
0512,Ydre,V,4.1,1
0512,Ydre,S,22.8,5
0512,Ydre,MP,0.8,0
0512,Ydre,C,31.9,6
0512,Ydre,L,0.5,0
0512,Ydre,M,23.2,5
0512,Ydre,KD,3.8,1
0512,Ydre,SD,12.8,3
0513,Kinda,V,6.2,2
0513,Kinda,S,23.0,8
0513,Kinda,MP,4.6,2
0513,Kinda,C,9.2,3
0513,Kinda,L,2.0,1
0513,Kinda,M,27.1,10
0513,Kinda,KD,5.6,2
0513,Kinda,SD,14.8,5
0560,Boxholm,V,5.6,2
0560,Boxholm,S,34.4,10
0560,Boxholm,MP,1.9,0
0560,Boxholm,C,10.2,3
0560,Boxholm,L,2.4,1
0560,Boxholm,M,20.6,6
0560,Boxholm,KD,4.9,1
0560,Boxholm,SD,19.9,6
0561,Åtvidaberg,V,3.8,1
0561,Åtvidaberg,S,31.7,11
0561,Åtvidaberg,MP,3.4,1
0561,Åtvidaberg,C,8.1,3
0561,Åtvidaberg,L,2.2,1
0561,Åtvidaberg,M,23.2,8
0561,Åtvidaberg,KD,3.1,1
0561,Åtvidaberg,SD,21.4,8
0562,Finspång,V,7.4,3
0562,Finspång,S,30.6,14
0562,Finspång,MP,3.3,2
0562,Finspång,C,5.5,2
0562,Finspång,L,7.9,4
0562,Finspång,M,15.1,7
0562,Finspång,KD,5.2,2
0562,Finspång,SD,24.8,11
0563,Valdemarsvik,V,5.8,2
0563,Valdemarsvik,S,27.3,9
0563,Valdemarsvik,MP,0.9,0
0563,Valdemarsvik,C,13.5,4
0563,Valdemarsvik,L,0.6,0
0563,Valdemarsvik,M,25.3,8
0563,Valdemarsvik,KD,6.2,2
0563,Valdemarsvik,SD,13.7,4
0580,Linköping,V,7.5,6
0580,Linköping,S,25.4,20
0580,Linköping,MP,7.5,6
0580,Linköping,C,7.2,6
0580,Linköping,L,3.5,3
0580,Linköping,M,20.1,16
0580,Linköping,KD,4.9,4
0580,Linköping,SD,12.9,10
0581,Norrköping,V,9.1,8
0581,Norrköping,S,30.7,26
0581,Norrköping,MP,4.6,4
0581,Norrköping,C,4.3,4
0581,Norrköping,L,4.1,4
0581,Norrköping,M,21.4,18
0581,Norrköping,KD,6.2,5
0581,Norrköping,SD,18.0,16
0582,Söderköping,V,3.7,1
0582,Söderköping,S,18.3,7
0582,Söderköping,MP,4.2,2
0582,Söderköping,C,12.8,5
0582,Söderköping,L,3.6,1
0582,Söderköping,M,20.1,8
0582,Söderköping,KD,6.8,3
0582,Söderköping,SD,20.1,8
0583,Motala,V,5.9,3
0583,Motala,S,35.8,21
0583,Motala,MP,3.0,2
0583,Motala,C,7.1,4
0583,Motala,L,3.3,2
0583,Motala,M,23.4,13
0583,Motala,KD,4.8,3
0583,Motala,SD,16.3,9
0584,Vadstena,V,5.8,2
0584,Vadstena,S,16.6,6
0584,Vadstena,MP,4.7,2
0584,Vadstena,C,5.8,2
0584,Vadstena,L,0.8,0
0584,Vadstena,M,33.8,12
0584,Vadstena,KD,3.5,1
0584,Vadstena,SD,8.3,3
0586,Mjölby,V,5.0,2
0586,Mjölby,S,28.9,13
0586,Mjölby,MP,3.0,1
0586,Mjölby,C,6.9,3
0586,Mjölby,L,6.5,3
0586,Mjölby,M,23.5,11
0586,Mjölby,KD,5.9,3
0586,Mjölby,SD,20.2,9
0604,Aneby,V,4.3,1
0604,Aneby,S,23.4,8
0604,Aneby,MP,0.3,0
0604,Aneby,C,18.8,7
0604,Aneby,L,2.6,1
0604,Aneby,M,20.3,7
0604,Aneby,KD,12.9,5
0604,Aneby,SD,15.8,6
0617,Gnosjö,V,5.0,2
0617,Gnosjö,S,24.2,8
0617,Gnosjö,MP,0.2,0
0617,Gnosjö,C,17.2,6
0617,Gnosjö,L,0.4,0
0617,Gnosjö,M,20.6,7
0617,Gnosjö,KD,15.8,6
0617,Gnosjö,SD,16.5,6
0642,Mullsjö,V,4.9,1
0642,Mullsjö,S,22.4,7
0642,Mullsjö,MP,4.5,1
0642,Mullsjö,C,2.7,1
0642,Mullsjö,L,2.6,1
0642,Mullsjö,M,19.9,6
0642,Mullsjö,KD,17.8,6
0642,Mullsjö,SD,19.5,6
0643,Habo,V,3.0,1
0643,Habo,S,24.7,9
0643,Habo,MP,2.9,1
0643,Habo,C,5.2,2
0643,Habo,L,0.8,0
0643,Habo,M,29.0,10
0643,Habo,KD,11.8,4
0643,Habo,SD,15.2,5
0662,Gislaved,V,6.0,3
0662,Gislaved,S,17.7,9
0662,Gislaved,MP,1.2,0
0662,Gislaved,C,7.1,4
0662,Gislaved,L,2.1,1
0662,Gislaved,M,20.1,10
0662,Gislaved,KD,4.4,2
0662,Gislaved,SD,11.5,6
0665,Vaggeryd,V,4.9,2
0665,Vaggeryd,S,25.2,11
0665,Vaggeryd,MP,2.1,1
0665,Vaggeryd,C,11.5,5
0665,Vaggeryd,L,3.1,1
0665,Vaggeryd,M,22.0,9
0665,Vaggeryd,KD,10.4,4
0665,Vaggeryd,SD,17.4,7
0680,Jönköping,V,7.3,6
0680,Jönköping,S,27.9,23
0680,Jönköping,MP,4.3,3
0680,Jönköping,C,6.5,5
0680,Jönköping,L,2.6,2
0680,Jönköping,M,22.0,18
0680,Jönköping,KD,14.3,12
0680,Jönköping,SD,14.4,12
0682,Nässjö,V,5.4,3
0682,Nässjö,S,24.6,14
0682,Nässjö,MP,2.8,2
0682,Nässjö,C,5.4,3
0682,Nässjö,L,4.2,2
0682,Nässjö,M,14.8,8
0682,Nässjö,KD,11.7,7
0682,Nässjö,SD,26.0,15
0683,Värnamo,V,4.5,2
0683,Värnamo,S,26.7,14
0683,Värnamo,MP,2.3,1
0683,Värnamo,C,11.3,6
0683,Värnamo,L,2.7,1
0683,Värnamo,M,27.3,14
0683,Värnamo,KD,9.1,5
0683,Värnamo,SD,15.4,8
0684,Sävsjö,V,5.7,2
0684,Sävsjö,S,18.7,8
0684,Sävsjö,MP,1.3,0
0684,Sävsjö,C,7.2,3
0684,Sävsjö,L,1.5,0
0684,Sävsjö,M,28.3,11
0684,Sävsjö,KD,22.2,9
0684,Sävsjö,SD,14.1,6
0685,Vetlanda,V,4.7,2
0685,Vetlanda,S,26.3,12
0685,Vetlanda,MP,2.2,1
0685,Vetlanda,C,7.4,3
0685,Vetlanda,L,0.8,0
0685,Vetlanda,M,20.3,9
0685,Vetlanda,KD,9.9,5
0685,Vetlanda,SD,14.8,7
0686,Eksjö,V,5.7,3
0686,Eksjö,S,29.3,14
0686,Eksjö,MP,3.3,2
0686,Eksjö,C,14.0,7
0686,Eksjö,L,3.1,2
0686,Eksjö,M,23.8,11
0686,Eksjö,KD,7.7,4
0686,Eksjö,SD,12.4,6
0687,Tranås,V,5.9,2
0687,Tranås,S,30.3,12
0687,Tranås,MP,4.8,2
0687,Tranås,C,6.9,3
0687,Tranås,L,6.5,3
0687,Tranås,M,20.6,8
0687,Tranås,KD,6.2,3
0687,Tranås,SD,18.8,8
0760,Uppvidinge,V,5.8,2
0760,Uppvidinge,S,23.0,7
0760,Uppvidinge,MP,1.9,0
0760,Uppvidinge,C,14.3,5
0760,Uppvidinge,L,0.5,0
0760,Uppvidinge,M,11.5,4
0760,Uppvidinge,KD,6.7,2
0760,Uppvidinge,SD,36.0,11
0761,Lessebo,V,9.1,3
0761,Lessebo,S,33.4,12
0761,Lessebo,MP,1.7,0
0761,Lessebo,C,7.7,3
0761,Lessebo,L,0.7,0
0761,Lessebo,M,27.8,10
0761,Lessebo,KD,7.0,3
0761,Lessebo,SD,12.2,4
0763,Tingsryd,V,4.8,2
0763,Tingsryd,S,28.4,12
0763,Tingsryd,MP,2.0,1
0763,Tingsryd,C,14.6,6
0763,Tingsryd,L,0.9,0
0763,Tingsryd,M,22.3,9
0763,Tingsryd,KD,7.4,3
0763,Tingsryd,SD,17.9,8
0764,Alvesta,V,5.1,3
0764,Alvesta,S,27.8,14
0764,Alvesta,MP,2.4,1
0764,Alvesta,C,9.9,5
0764,Alvesta,L,1.5,0
0764,Alvesta,M,21.2,11
0764,Alvesta,KD,5.8,3
0764,Alvesta,SD,16.5,8
0765,Älmhult,V,5.3,2
0765,Älmhult,S,28.1,12
0765,Älmhult,MP,3.7,2
0765,Älmhult,C,19.1,8
0765,Älmhult,L,0.6,0
0765,Älmhult,M,25.4,10
0765,Älmhult,KD,5.2,2
0765,Älmhult,SD,12.5,5
0767,Markaryd,V,3.0,1
0767,Markaryd,S,21.4,8
0767,Markaryd,MP,1.0,0
0767,Markaryd,C,6.9,2
0767,Markaryd,L,0.3,0
0767,Markaryd,M,12.9,5
0767,Markaryd,KD,37.6,13
0767,Markaryd,SD,16.4,6
0780,Växjö,V,9.8,6
0780,Växjö,S,32.1,20
0780,Växjö,MP,4.6,3
0780,Växjö,C,5.0,3
0780,Växjö,L,3.5,2
0780,Växjö,M,27.3,17
0780,Växjö,KD,5.7,3
0780,Växjö,SD,11.1,7
0781,Ljungby,V,6.7,3
0781,Ljungby,S,20.5,10
0781,Ljungby,MP,3.4,2
0781,Ljungby,C,10.0,5
0781,Ljungby,L,1.0,0
0781,Ljungby,M,19.6,10
0781,Ljungby,KD,16.2,8
0781,Ljungby,SD,22.4,11
0821,Högsby,V,4.6,1
0821,Högsby,S,26.3,8
0821,Högsby,MP,0.0,0
0821,Högsby,C,6.9,2
0821,Högsby,L,0.7,0
0821,Högsby,M,8.5,3
0821,Högsby,KD,35.3,11
0821,Högsby,SD,17.5,6
0834,Torsås,V,4.7,1
0834,Torsås,S,24.7,8
0834,Torsås,MP,4.4,1
0834,Torsås,C,15.6,5
0834,Torsås,L,4.4,1
0834,Torsås,M,13.0,4
0834,Torsås,KD,5.4,2
0834,Torsås,SD,27.8,9
0840,Mörbylånga,V,4.9,2
0840,Mörbylånga,S,26.0,11
0840,Mörbylånga,MP,5.7,3
0840,Mörbylånga,C,14.2,6
0840,Mörbylånga,L,1.7,0
0840,Mörbylånga,M,28.5,13
0840,Mörbylånga,KD,4.9,2
0840,Mörbylånga,SD,13.5,6
0860,Hultsfred,V,5.9,3
0860,Hultsfred,S,28.9,13
0860,Hultsfred,MP,1.5,0
0860,Hultsfred,C,14.0,7
0860,Hultsfred,L,0.4,0
0860,Hultsfred,M,8.9,4
0860,Hultsfred,KD,25.1,12
0860,Hultsfred,SD,12.3,6
0861,Mönsterås,V,4.8,2
0861,Mönsterås,S,44.0,22
0861,Mönsterås,MP,0.0,0
0861,Mönsterås,C,9.7,5
0861,Mönsterås,L,2.1,1
0861,Mönsterås,M,8.7,4
0861,Mönsterås,KD,7.5,4
0861,Mönsterås,SD,23.0,11
0862,Emmaboda,V,5.7,2
0862,Emmaboda,S,34.4,12
0862,Emmaboda,MP,2.4,1
0862,Emmaboda,C,7.0,2
0862,Emmaboda,L,0.4,0
0862,Emmaboda,M,21.9,8
0862,Emmaboda,KD,3.5,1
0862,Emmaboda,SD,24.3,9
0880,Kalmar,V,6.9,4
0880,Kalmar,S,39.6,25
0880,Kalmar,MP,4.3,3
0880,Kalmar,C,5.2,3
0880,Kalmar,L,2.4,0
0880,Kalmar,M,22.1,14
0880,Kalmar,KD,6.4,4
0880,Kalmar,SD,12.2,8
0881,Nybro,V,8.1,4
0881,Nybro,S,24.8,11
0881,Nybro,MP,1.4,0
0881,Nybro,C,10.8,5
0881,Nybro,L,3.3,1
0881,Nybro,M,20.2,9
0881,Nybro,KD,6.0,3
0881,Nybro,SD,19.1,8
0882,Oskarshamn,V,6.4,3
0882,Oskarshamn,S,28.0,14
0882,Oskarshamn,MP,0.0,0
0882,Oskarshamn,C,5.1,3
0882,Oskarshamn,L,2.5,1
0882,Oskarshamn,M,14.6,7
0882,Oskarshamn,KD,10.0,5
0882,Oskarshamn,SD,28.2,14
0883,Västervik,V,6.1,4
0883,Västervik,S,32.9,19
0883,Västervik,MP,3.0,2
0883,Västervik,C,7.6,4
0883,Västervik,L,2.2,1
0883,Västervik,M,24.3,14
0883,Västervik,KD,6.5,4
0883,Västervik,SD,14.5,9
0884,Vimmerby,V,7.3,3
0884,Vimmerby,S,30.7,14
0884,Vimmerby,MP,2.2,1
0884,Vimmerby,C,15.4,7
0884,Vimmerby,L,0.5,0
0884,Vimmerby,M,19.1,9
0884,Vimmerby,KD,9.9,4
0884,Vimmerby,SD,14.7,7
0885,Borgholm,V,3.8,1
0885,Borgholm,S,40.8,15
0885,Borgholm,MP,4.1,1
0885,Borgholm,C,9.0,3
0885,Borgholm,L,1.0,0
0885,Borgholm,M,17.8,7
0885,Borgholm,KD,5.6,2
0885,Borgholm,SD,10.9,4
0980,Gotland,V,7.8,6
0980,Gotland,S,28.7,21
0980,Gotland,MP,7.5,5
0980,Gotland,C,18.3,13
0980,Gotland,L,3.2,2
0980,Gotland,M,21.2,15
0980,Gotland,KD,3.8,3
0980,Gotland,SD,8.5,6
1060,Olofström,V,6.1,3
1060,Olofström,S,28.7,14
1060,Olofström,MP,1.2,0
1060,Olofström,C,13.1,7
1060,Olofström,L,0.4,0
1060,Olofström,M,28.9,14
1060,Olofström,KD,3.5,2
1060,Olofström,SD,17.9,9
1080,Karlskrona,V,5.6,4
1080,Karlskrona,S,35.9,27
1080,Karlskrona,MP,3.3,3
1080,Karlskrona,C,6.6,5
1080,Karlskrona,L,3.8,3
1080,Karlskrona,M,18.9,14
1080,Karlskrona,KD,6.5,5
1080,Karlskrona,SD,18.6,14
1081,Ronneby,V,7.1,4
1081,Ronneby,S,23.1,11
1081,Ronneby,MP,3.1,2
1081,Ronneby,C,12.4,6
1081,Ronneby,L,3.8,2
1081,Ronneby,M,8.0,4
1081,Ronneby,KD,13.2,6
1081,Ronneby,SD,20.3,10
1082,Karlshamn,V,5.2,3
1082,Karlshamn,S,31.7,16
1082,Karlshamn,MP,5.0,3
1082,Karlshamn,C,9.0,5
1082,Karlshamn,L,1.8,0
1082,Karlshamn,M,18.0,9
1082,Karlshamn,KD,6.9,4
1082,Karlshamn,SD,17.9,9
1083,Sölvesborg,V,4.8,2
1083,Sölvesborg,S,28.4,14
1083,Sölvesborg,MP,0.8,0
1083,Sölvesborg,C,3.3,2
1083,Sölvesborg,L,1.2,0
1083,Sölvesborg,M,13.4,7
1083,Sölvesborg,KD,7.6,4
1083,Sölvesborg,SD,36.1,18
1214,Svalöv,V,5.6,2
1214,Svalöv,S,21.6,8
1214,Svalöv,MP,4.2,1
1214,Svalöv,C,13.1,5
1214,Svalöv,L,4.0,1
1214,Svalöv,M,12.2,4
1214,Svalöv,KD,4.7,2
1214,Svalöv,SD,34.3,12
1230,Staffanstorp,V,3.5,1
1230,Staffanstorp,S,21.8,9
1230,Staffanstorp,MP,4.3,2
1230,Staffanstorp,C,3.6,2
1230,Staffanstorp,L,4.0,2
1230,Staffanstorp,M,52.9,22
1230,Staffanstorp,KD,1.8,0
1230,Staffanstorp,SD,7.6,3
1231,Burlöv,V,12.3,5
1231,Burlöv,S,33.8,14
1231,Burlöv,MP,4.5,2
1231,Burlöv,C,4.4,2
1231,Burlöv,L,4.5,2
1231,Burlöv,M,19.8,8
1231,Burlöv,KD,2.2,1
1231,Burlöv,SD,17.4,7
1233,Vellinge,V,0.6,0
1233,Vellinge,S,9.6,5
1233,Vellinge,MP,4.8,3
1233,Vellinge,C,4.3,2
1233,Vellinge,L,11.4,6
1233,Vellinge,M,46.6,24
1233,Vellinge,KD,5.6,3
1233,Vellinge,SD,14.8,8
1256,Östra Göinge,V,4.8,2
1256,Östra Göinge,S,20.0,6
1256,Östra Göinge,MP,1.0,0
1256,Östra Göinge,C,5.8,2
1256,Östra Göinge,L,0.4,0
1256,Östra Göinge,M,45.5,14
1256,Östra Göinge,KD,2.8,1
1256,Östra Göinge,SD,18.3,6
1257,Örkelljunga,V,2.4,1
1257,Örkelljunga,S,19.9,8
1257,Örkelljunga,MP,1.3,0
1257,Örkelljunga,C,8.3,3
1257,Örkelljunga,L,0.7,0
1257,Örkelljunga,M,18.7,7
1257,Örkelljunga,KD,15.0,6
1257,Örkelljunga,SD,32.8,12
1260,Bjuv,V,5.1,2
1260,Bjuv,S,36.9,12
1260,Bjuv,MP,0.0,0
1260,Bjuv,C,3.3,1
1260,Bjuv,L,1.0,0
1260,Bjuv,M,19.0,6
1260,Bjuv,KD,4.6,1
1260,Bjuv,SD,29.6,9
1261,Kävlinge,V,3.1,2
1261,Kävlinge,S,18.4,10
1261,Kävlinge,MP,5.3,3
1261,Kävlinge,C,4.7,2
1261,Kävlinge,L,2.9,1
1261,Kävlinge,M,32.9,17
1261,Kävlinge,KD,2.6,1
1261,Kävlinge,SD,16.0,8
1262,Lomma,V,1.3,0
1262,Lomma,S,19.2,9
1262,Lomma,MP,4.1,2
1262,Lomma,C,4.4,2
1262,Lomma,L,8.9,4
1262,Lomma,M,35.7,16
1262,Lomma,KD,3.1,1
1262,Lomma,SD,10.5,5
1263,Svedala,V,2.3,1
1263,Svedala,S,19.9,9
1263,Svedala,MP,3.9,2
1263,Svedala,C,4.4,2
1263,Svedala,L,3.3,1
1263,Svedala,M,26.9,12
1263,Svedala,KD,3.8,2
1263,Svedala,SD,25.5,11
1264,Skurup,V,5.5,2
1264,Skurup,S,19.6,8
1264,Skurup,MP,2.0,1
1264,Skurup,C,5.7,2
1264,Skurup,L,1.8,0
1264,Skurup,M,35.5,15
1264,Skurup,KD,2.6,1
1264,Skurup,SD,23.0,9
1265,Sjöbo,V,7.6,3
1265,Sjöbo,S,13.2,5
1265,Sjöbo,MP,3.3,1
1265,Sjöbo,C,6.1,3
1265,Sjöbo,L,2.2,1
1265,Sjöbo,M,21.7,9
1265,Sjöbo,KD,11.0,5
1265,Sjöbo,SD,34.7,14
1266,Hörby,V,3.5,1
1266,Hörby,S,19.6,6
1266,Hörby,MP,2.5,1
1266,Hörby,C,8.9,3
1266,Hörby,L,6.6,2
1266,Hörby,M,12.8,4
1266,Hörby,KD,4.3,1
1266,Hörby,SD,38.6,12
1267,Höör,V,6.3,3
1267,Höör,S,18.8,8
1267,Höör,MP,8.2,3
1267,Höör,C,6.9,3
1267,Höör,L,3.1,1
1267,Höör,M,31.0,12
1267,Höör,KD,3.8,2
1267,Höör,SD,19.4,8
1270,Tomelilla,V,5.9,3
1270,Tomelilla,S,19.8,8
1270,Tomelilla,MP,4.6,2
1270,Tomelilla,C,14.1,6
1270,Tomelilla,L,1.9,0
1270,Tomelilla,M,23.3,10
1270,Tomelilla,KD,3.5,1
1270,Tomelilla,SD,26.8,11
1272,Bromölla,V,5.0,2
1272,Bromölla,S,24.7,8
1272,Bromölla,MP,1.8,0
1272,Bromölla,C,3.0,1
1272,Bromölla,L,1.8,0
1272,Bromölla,M,24.0,7
1272,Bromölla,KD,2.9,1
1272,Bromölla,SD,27.8,9
1273,Osby,V,4.3,2
1273,Osby,S,25.3,9
1273,Osby,MP,3.0,1
1273,Osby,C,7.5,3
1273,Osby,L,1.8,0
1273,Osby,M,22.5,8
1273,Osby,KD,10.0,3
1273,Osby,SD,25.1,9
1275,Perstorp,V,6.1,2
1275,Perstorp,S,20.4,5
1275,Perstorp,MP,1.4,0
1275,Perstorp,C,5.7,2
1275,Perstorp,L,0.4,0
1275,Perstorp,M,8.2,2
1275,Perstorp,KD,2.3,1
1275,Perstorp,SD,18.4,5
1276,Klippan,V,4.3,1
1276,Klippan,S,21.7,7
1276,Klippan,MP,2.9,1
1276,Klippan,C,5.1,2
1276,Klippan,L,3.2,1
1276,Klippan,M,16.1,6
1276,Klippan,KD,4.6,2
1276,Klippan,SD,22.2,8
1277,Åstorp,V,5.8,2
1277,Åstorp,S,29.9,9
1277,Åstorp,MP,0.0,0
1277,Åstorp,C,3.4,1
1277,Åstorp,L,2.3,1
1277,Åstorp,M,17.8,6
1277,Åstorp,KD,4.0,1
1277,Åstorp,SD,28.7,9
1278,Båstad,V,2.1,1
1278,Båstad,S,18.0,7
1278,Båstad,MP,4.6,2
1278,Båstad,C,9.0,3
1278,Båstad,L,5.1,2
1278,Båstad,M,31.5,12
1278,Båstad,KD,3.4,1
1278,Båstad,SD,14.6,5
1280,Malmö,V,17.2,11
1280,Malmö,S,29.3,19
1280,Malmö,MP,8.6,5
1280,Malmö,C,4.1,3
1280,Malmö,L,3.1,2
1280,Malmö,M,19.0,12
1280,Malmö,KD,1.9,0
1280,Malmö,SD,11.8,7
1281,Lund,V,10.6,7
1281,Lund,S,25.1,16
1281,Lund,MP,13.9,9
1281,Lund,C,5.0,3
1281,Lund,L,8.8,6
1281,Lund,M,19.2,13
1281,Lund,KD,2.6,2
1281,Lund,SD,8.3,5
1282,Landskrona,V,6.6,4
1282,Landskrona,S,25.4,16
1282,Landskrona,MP,3.7,2
1282,Landskrona,C,1.2,0
1282,Landskrona,L,40.2,26
1282,Landskrona,M,6.0,4
1282,Landskrona,KD,1.0,0
1282,Landskrona,SD,14.0,9
1283,Helsingborg,V,9.4,6
1283,Helsingborg,S,29.9,20
1283,Helsingborg,MP,4.0,3
1283,Helsingborg,C,3.9,3
1283,Helsingborg,L,3.5,2
1283,Helsingborg,M,25.6,17
1283,Helsingborg,KD,3.6,2
1283,Helsingborg,SD,18.7,12
1284,Höganäs,V,3.4,1
1284,Höganäs,S,17.8,7
1284,Höganäs,MP,7.7,3
1284,Höganäs,C,6.3,3
1284,Höganäs,L,5.9,2
1284,Höganäs,M,42.2,18
1284,Höganäs,KD,3.8,2
1284,Höganäs,SD,12.4,5
1285,Eslöv,V,8.2,4
1285,Eslöv,S,29.7,16
1285,Eslöv,MP,4.1,2
1285,Eslöv,C,6.9,4
1285,Eslöv,L,2.5,1
1285,Eslöv,M,17.8,9
1285,Eslöv,KD,4.4,2
1285,Eslöv,SD,25.3,13
1286,Ystad,V,4.1,2
1286,Ystad,S,37.3,19
1286,Ystad,MP,3.4,2
1286,Ystad,C,7.7,4
1286,Ystad,L,4.9,2
1286,Ystad,M,19.4,10
1286,Ystad,KD,5.7,3
1286,Ystad,SD,17.0,9
1287,Trelleborg,V,4.8,3
1287,Trelleborg,S,24.3,15
1287,Trelleborg,MP,2.6,0
1287,Trelleborg,C,5.5,4
1287,Trelleborg,L,4.1,3
1287,Trelleborg,M,20.5,13
1287,Trelleborg,KD,4.7,3
1287,Trelleborg,SD,24.0,15
1290,Kristianstad,V,8.3,6
1290,Kristianstad,S,25.9,18
1290,Kristianstad,MP,2.4,0
1290,Kristianstad,C,4.7,3
1290,Kristianstad,L,10.8,7
1290,Kristianstad,M,20.7,14
1290,Kristianstad,KD,5.0,3
1290,Kristianstad,SD,21.0,14
1291,Simrishamn,V,5.1,2
1291,Simrishamn,S,20.6,9
1291,Simrishamn,MP,6.0,2
1291,Simrishamn,C,20.4,9
1291,Simrishamn,L,4.6,2
1291,Simrishamn,M,20.0,8
1291,Simrishamn,KD,3.3,1
1291,Simrishamn,SD,17.1,7
1292,Ängelholm,V,3.5,2
1292,Ängelholm,S,23.7,12
1292,Ängelholm,MP,3.1,2
1292,Ängelholm,C,5.9,3
1292,Ängelholm,L,2.1,1
1292,Ängelholm,M,30.6,16
1292,Ängelholm,KD,4.5,2
1292,Ängelholm,SD,18.4,9
1293,Hässleholm,V,6.8,4
1293,Hässleholm,S,20.1,12
1293,Hässleholm,MP,3.1,2
1293,Hässleholm,C,7.8,5
1293,Hässleholm,L,5.3,3
1293,Hässleholm,M,17.0,10
1293,Hässleholm,KD,7.5,5
1293,Hässleholm,SD,23.9,15
1315,Hylte,V,7.8,3
1315,Hylte,S,26.4,11
1315,Hylte,MP,2.5,1
1315,Hylte,C,19.5,8
1315,Hylte,L,1.6,0
1315,Hylte,M,17.4,8
1315,Hylte,KD,4.1,2
1315,Hylte,SD,17.2,7
1380,Halmstad,V,7.5,5
1380,Halmstad,S,29.3,21
1380,Halmstad,MP,4.6,3
1380,Halmstad,C,6.1,4
1380,Halmstad,L,2.8,2
1380,Halmstad,M,18.8,13
1380,Halmstad,KD,6.5,5
1380,Halmstad,SD,14.9,11
1381,Laholm,V,4.4,2
1381,Laholm,S,20.5,9
1381,Laholm,MP,3.1,1
1381,Laholm,C,12.4,5
1381,Laholm,L,1.1,0
1381,Laholm,M,17.3,7
1381,Laholm,KD,6.0,2
1381,Laholm,SD,18.3,8
1382,Falkenberg,V,5.6,3
1382,Falkenberg,S,30.2,19
1382,Falkenberg,MP,3.6,2
1382,Falkenberg,C,14.3,9
1382,Falkenberg,L,3.2,2
1382,Falkenberg,M,21.7,14
1382,Falkenberg,KD,4.4,3
1382,Falkenberg,SD,15.2,9
1383,Varberg,V,4.4,3
1383,Varberg,S,29.1,18
1383,Varberg,MP,3.2,2
1383,Varberg,C,9.4,6
1383,Varberg,L,5.2,3
1383,Varberg,M,22.1,13
1383,Varberg,KD,4.7,3
1383,Varberg,SD,14.5,9
1384,Kungsbacka,V,3.0,2
1384,Kungsbacka,S,18.1,11
1384,Kungsbacka,MP,4.3,3
1384,Kungsbacka,C,8.8,5
1384,Kungsbacka,L,5.8,4
1384,Kungsbacka,M,33.3,20
1384,Kungsbacka,KD,5.7,4
1384,Kungsbacka,SD,16.3,10
1401,Härryda,V,5.0,3
1401,Härryda,S,23.5,12
1401,Härryda,MP,6.9,3
1401,Härryda,C,7.2,4
1401,Härryda,L,4.4,2
1401,Härryda,M,28.9,15
1401,Härryda,KD,4.0,2
1401,Härryda,SD,14.2,7
1402,Partille,V,8.9,4
1402,Partille,S,25.1,13
1402,Partille,MP,8.2,4
1402,Partille,C,7.3,4
1402,Partille,L,3.4,2
1402,Partille,M,29.3,15
1402,Partille,KD,5.5,3
1402,Partille,SD,12.1,6
1407,Öckerö,V,3.1,1
1407,Öckerö,S,20.2,9
1407,Öckerö,MP,6.5,3
1407,Öckerö,C,1.4,0
1407,Öckerö,L,4.4,2
1407,Öckerö,M,23.0,10
1407,Öckerö,KD,23.4,10
1407,Öckerö,SD,15.4,6
1415,Stenungsund,V,5.8,3
1415,Stenungsund,S,21.1,11
1415,Stenungsund,MP,4.4,2
1415,Stenungsund,C,6.2,3
1415,Stenungsund,L,3.9,2
1415,Stenungsund,M,22.6,12
1415,Stenungsund,KD,5.5,3
1415,Stenungsund,SD,16.5,8
1419,Tjörn,V,3.1,1
1419,Tjörn,S,22.1,9
1419,Tjörn,MP,5.3,2
1419,Tjörn,C,3.6,2
1419,Tjörn,L,15.2,7
1419,Tjörn,M,19.6,8
1419,Tjörn,KD,10.3,4
1419,Tjörn,SD,10.4,4
1421,Orust,V,4.7,2
1421,Orust,S,21.1,8
1421,Orust,MP,6.6,3
1421,Orust,C,11.9,5
1421,Orust,L,4.9,2
1421,Orust,M,20.0,8
1421,Orust,KD,4.8,2
1421,Orust,SD,13.8,6
1427,Sotenäs,V,3.0,1
1427,Sotenäs,S,25.0,8
1427,Sotenäs,MP,3.7,1
1427,Sotenäs,C,4.5,1
1427,Sotenäs,L,6.9,2
1427,Sotenäs,M,33.8,10
1427,Sotenäs,KD,2.7,1
1427,Sotenäs,SD,8.3,3
1430,Munkedal,V,5.1,2
1430,Munkedal,S,21.1,7
1430,Munkedal,MP,2.2,1
1430,Munkedal,C,8.6,3
1430,Munkedal,L,1.6,0
1430,Munkedal,M,14.1,5
1430,Munkedal,KD,4.1,1
1430,Munkedal,SD,29.8,11
1435,Tanum,V,3.8,1
1435,Tanum,S,24.1,9
1435,Tanum,MP,4.7,2
1435,Tanum,C,14.5,6
1435,Tanum,L,4.2,2
1435,Tanum,M,29.8,12
1435,Tanum,KD,6.0,2
1435,Tanum,SD,12.8,5
1438,Dals-Ed,V,0.0,0
1438,Dals-Ed,S,21.8,7
1438,Dals-Ed,MP,2.6,1
1438,Dals-Ed,C,10.9,3
1438,Dals-Ed,L,0.4,0
1438,Dals-Ed,M,45.8,14
1438,Dals-Ed,KD,8.7,3
1438,Dals-Ed,SD,9.5,3
1439,Färgelanda,V,0.0,0
1439,Färgelanda,S,18.5,5
1439,Färgelanda,MP,0.0,0
1439,Färgelanda,C,21.6,6
1439,Färgelanda,L,3.3,1
1439,Färgelanda,M,12.9,4
1439,Färgelanda,KD,4.7,1
1439,Färgelanda,SD,39.1,12
1440,Ale,V,8.6,4
1440,Ale,S,30.2,15
1440,Ale,MP,3.4,2
1440,Ale,C,6.4,3
1440,Ale,L,2.1,1
1440,Ale,M,21.4,10
1440,Ale,KD,5.1,3
1440,Ale,SD,18.4,9
1441,Lerum,V,6.8,4
1441,Lerum,S,19.5,10
1441,Lerum,MP,8.1,4
1441,Lerum,C,9.1,5
1441,Lerum,L,4.6,2
1441,Lerum,M,30.1,15
1441,Lerum,KD,8.7,4
1441,Lerum,SD,12.9,7
1442,Vårgårda,V,4.2,2
1442,Vårgårda,S,22.7,10
1442,Vårgårda,MP,5.7,2
1442,Vårgårda,C,15.0,6
1442,Vårgårda,L,3.2,1
1442,Vårgårda,M,20.0,8
1442,Vårgårda,KD,15.2,6
1442,Vårgårda,SD,13.8,6
1443,Bollebygd,V,3.4,1
1443,Bollebygd,S,24.5,7
1443,Bollebygd,MP,5.1,2
1443,Bollebygd,C,5.6,2
1443,Bollebygd,L,2.2,1
1443,Bollebygd,M,25.5,8
1443,Bollebygd,KD,5.9,2
1443,Bollebygd,SD,21.8,6
1444,Grästorp,V,1.1,0
1444,Grästorp,S,16.0,5
1444,Grästorp,MP,6.1,2
1444,Grästorp,C,15.1,4
1444,Grästorp,L,0.7,0
1444,Grästorp,M,22.7,6
1444,Grästorp,KD,1.3,0
1444,Grästorp,SD,12.5,3
1445,Essunga,V,2.9,1
1445,Essunga,S,19.9,6
1445,Essunga,MP,3.5,1
1445,Essunga,C,5.6,2
1445,Essunga,L,0.4,0
1445,Essunga,M,48.7,15
1445,Essunga,KD,2.2,1
1445,Essunga,SD,16.6,5
1446,Karlsborg,V,4.1,1
1446,Karlsborg,S,25.2,8
1446,Karlsborg,MP,0.0,0
1446,Karlsborg,C,11.9,4
1446,Karlsborg,L,5.1,2
1446,Karlsborg,M,32.9,10
1446,Karlsborg,KD,6.8,2
1446,Karlsborg,SD,13.8,4
1447,Gullspång,V,3.5,1
1447,Gullspång,S,32.4,11
1447,Gullspång,MP,1.4,0
1447,Gullspång,C,4.4,2
1447,Gullspång,L,2.1,1
1447,Gullspång,M,35.5,12
1447,Gullspång,KD,1.6,0
1447,Gullspång,SD,11.7,4
1452,Tranemo,V,4.6,2
1452,Tranemo,S,29.1,11
1452,Tranemo,MP,3.2,1
1452,Tranemo,C,20.4,7
1452,Tranemo,L,1.1,0
1452,Tranemo,M,21.0,8
1452,Tranemo,KD,4.7,2
1452,Tranemo,SD,15.7,6
1460,Bengtsfors,V,5.2,2
1460,Bengtsfors,S,35.6,12
1460,Bengtsfors,MP,1.6,0
1460,Bengtsfors,C,12.9,4
1460,Bengtsfors,L,0.5,0
1460,Bengtsfors,M,26.0,8
1460,Bengtsfors,KD,3.9,1
1460,Bengtsfors,SD,9.7,3
1461,Mellerud,V,4.1,1
1461,Mellerud,S,22.6,7
1461,Mellerud,MP,2.6,1
1461,Mellerud,C,10.8,3
1461,Mellerud,L,0.5,0
1461,Mellerud,M,30.1,10
1461,Mellerud,KD,4.3,1
1461,Mellerud,SD,17.6,6
1462,Lilla Edet,V,7.4,2
1462,Lilla Edet,S,21.3,7
1462,Lilla Edet,MP,2.0,1
1462,Lilla Edet,C,20.7,6
1462,Lilla Edet,L,0.9,0
1462,Lilla Edet,M,11.6,4
1462,Lilla Edet,KD,6.0,2
1462,Lilla Edet,SD,29.8,9
1463,Mark,V,6.4,3
1463,Mark,S,25.0,13
1463,Mark,MP,3.2,2
1463,Mark,C,12.2,6
1463,Mark,L,2.8,1
1463,Mark,M,19.0,10
1463,Mark,KD,13.6,7
1463,Mark,SD,17.0,9
1465,Svenljunga,V,3.6,1
1465,Svenljunga,S,22.3,7
1465,Svenljunga,MP,2.8,1
1465,Svenljunga,C,8.8,3
1465,Svenljunga,L,3.7,1
1465,Svenljunga,M,21.8,7
1465,Svenljunga,KD,6.2,2
1465,Svenljunga,SD,19.6,7
1466,Herrljunga,V,6.5,2
1466,Herrljunga,S,19.9,6
1466,Herrljunga,MP,1.0,0
1466,Herrljunga,C,14.6,5
1466,Herrljunga,L,2.5,1
1466,Herrljunga,M,26.9,8
1466,Herrljunga,KD,8.3,3
1466,Herrljunga,SD,15.7,5
1470,Vara,V,4.8,2
1470,Vara,S,20.2,9
1470,Vara,MP,1.2,0
1470,Vara,C,6.8,3
1470,Vara,L,1.0,0
1470,Vara,M,35.9,15
1470,Vara,KD,2.9,1
1470,Vara,SD,16.6,7
1471,Götene,V,6.5,2
1471,Götene,S,19.3,7
1471,Götene,MP,3.2,1
1471,Götene,C,7.7,3
1471,Götene,L,1.4,0
1471,Götene,M,9.2,3
1471,Götene,KD,4.2,1
1471,Götene,SD,13.2,5
1472,Tibro,V,4.9,2
1472,Tibro,S,33.1,12
1472,Tibro,MP,1.0,0
1472,Tibro,C,7.2,3
1472,Tibro,L,4.2,1
1472,Tibro,M,18.3,6
1472,Tibro,KD,9.0,3
1472,Tibro,SD,22.1,8
1473,Töreboda,V,7.2,2
1473,Töreboda,S,27.3,8
1473,Töreboda,MP,0.0,0
1473,Töreboda,C,11.8,4
1473,Töreboda,L,2.2,1
1473,Töreboda,M,32.8,10
1473,Töreboda,KD,2.5,1
1473,Töreboda,SD,15.8,5
1480,Göteborg,V,15.7,13
1480,Göteborg,S,27.6,23
1480,Göteborg,MP,8.3,7
1480,Göteborg,C,5.0,4
1480,Göteborg,L,3.5,3
1480,Göteborg,M,18.3,15
1480,Göteborg,KD,3.5,3
1480,Göteborg,SD,8.9,7
1481,Mölndal,V,8.2,5
1481,Mölndal,S,26.7,17
1481,Mölndal,MP,7.5,5
1481,Mölndal,C,8.7,5
1481,Mölndal,L,4.6,3
1481,Mölndal,M,23.6,15
1481,Mölndal,KD,5.3,3
1481,Mölndal,SD,13.1,8
1482,Kungälv,V,5.0,3
1482,Kungälv,S,24.4,16
1482,Kungälv,MP,4.3,3
1482,Kungälv,C,6.3,4
1482,Kungälv,L,5.6,4
1482,Kungälv,M,20.2,13
1482,Kungälv,KD,5.4,4
1482,Kungälv,SD,17.4,11
1484,Lysekil,V,4.6,1
1484,Lysekil,S,22.1,7
1484,Lysekil,MP,5.7,2
1484,Lysekil,C,7.5,2
1484,Lysekil,L,8.0,3
1484,Lysekil,M,20.6,6
1484,Lysekil,KD,2.1,1
1484,Lysekil,SD,14.9,5
1485,Uddevalla,V,7.7,5
1485,Uddevalla,S,30.6,18
1485,Uddevalla,MP,4.8,3
1485,Uddevalla,C,4.4,3
1485,Uddevalla,L,4.0,2
1485,Uddevalla,M,14.3,9
1485,Uddevalla,KD,6.5,4
1485,Uddevalla,SD,19.9,12
1486,Strömstad,V,5.7,2
1486,Strömstad,S,29.8,12
1486,Strömstad,MP,6.9,3
1486,Strömstad,C,12.2,5
1486,Strömstad,L,5.5,2
1486,Strömstad,M,18.1,7
1486,Strömstad,KD,5.7,2
1486,Strömstad,SD,15.9,6
1487,Vänersborg,V,10.2,5
1487,Vänersborg,S,23.6,12
1487,Vänersborg,MP,3.2,2
1487,Vänersborg,C,6.6,3
1487,Vänersborg,L,3.1,2
1487,Vänersborg,M,22.1,11
1487,Vänersborg,KD,5.0,3
1487,Vänersborg,SD,14.3,7
1488,Trollhättan,V,8.9,6
1488,Trollhättan,S,36.1,23
1488,Trollhättan,MP,3.1,2
1488,Trollhättan,C,3.8,2
1488,Trollhättan,L,1.4,0
1488,Trollhättan,M,30.8,19
1488,Trollhättan,KD,3.7,2
1488,Trollhättan,SD,12.0,7
1489,Alingsås,V,9.0,5
1489,Alingsås,S,27.3,14
1489,Alingsås,MP,6.9,3
1489,Alingsås,C,9.0,5
1489,Alingsås,L,4.2,2
1489,Alingsås,M,20.9,11
1489,Alingsås,KD,8.9,4
1489,Alingsås,SD,13.1,7
1490,Borås,V,9.3,7
1490,Borås,S,29.5,22
1490,Borås,MP,4.6,3
1490,Borås,C,5.3,4
1490,Borås,L,3.9,3
1490,Borås,M,18.8,14
1490,Borås,KD,9.8,7
1490,Borås,SD,17.8,13
1491,Ulricehamn,V,5.1,3
1491,Ulricehamn,S,20.8,10
1491,Ulricehamn,MP,3.5,2
1491,Ulricehamn,C,12.3,6
1491,Ulricehamn,L,2.2,1
1491,Ulricehamn,M,16.6,8
1491,Ulricehamn,KD,3.6,2
1491,Ulricehamn,SD,16.5,8
1492,Åmål,V,8.3,3
1492,Åmål,S,28.2,10
1492,Åmål,MP,5.5,2
1492,Åmål,C,6.2,2
1492,Åmål,L,2.6,1
1492,Åmål,M,23.5,8
1492,Åmål,KD,5.3,2
1492,Åmål,SD,18.1,7
1493,Mariestad,V,6.8,3
1493,Mariestad,S,29.2,15
1493,Mariestad,MP,3.8,2
1493,Mariestad,C,5.6,3
1493,Mariestad,L,1.6,0
1493,Mariestad,M,41.1,20
1493,Mariestad,KD,3.4,2
1493,Mariestad,SD,8.5,4
1494,Lidköping,V,5.1,3
1494,Lidköping,S,25.7,13
1494,Lidköping,MP,2.9,1
1494,Lidköping,C,4.7,2
1494,Lidköping,L,3.1,2
1494,Lidköping,M,15.8,8
1494,Lidköping,KD,7.2,4
1494,Lidköping,SD,13.3,7
1495,Skara,V,6.2,3
1495,Skara,S,26.5,12
1495,Skara,MP,4.0,2
1495,Skara,C,10.0,5
1495,Skara,L,1.9,0
1495,Skara,M,28.1,13
1495,Skara,KD,4.1,2
1495,Skara,SD,18.8,8
1496,Skövde,V,6.3,4
1496,Skövde,S,25.4,16
1496,Skövde,MP,3.5,2
1496,Skövde,C,8.0,5
1496,Skövde,L,2.9,2
1496,Skövde,M,20.7,13
1496,Skövde,KD,5.6,3
1496,Skövde,SD,15.4,9
1497,Hjo,V,4.7,2
1497,Hjo,S,24.3,8
1497,Hjo,MP,7.2,2
1497,Hjo,C,6.0,2
1497,Hjo,L,1.1,0
1497,Hjo,M,34.8,12
1497,Hjo,KD,7.3,2
1497,Hjo,SD,14.4,5
1498,Tidaholm,V,4.3,2
1498,Tidaholm,S,35.5,15
1498,Tidaholm,MP,3.1,1
1498,Tidaholm,C,3.9,2
1498,Tidaholm,L,7.2,3
1498,Tidaholm,M,12.6,5
1498,Tidaholm,KD,9.7,4
1498,Tidaholm,SD,18.0,7
1499,Falköping,V,6.1,3
1499,Falköping,S,29.3,15
1499,Falköping,MP,4.0,2
1499,Falköping,C,8.9,5
1499,Falköping,L,1.8,0
1499,Falköping,M,23.6,12
1499,Falköping,KD,7.3,4
1499,Falköping,SD,18.6,10
1715,Kil,V,3.6,2
1715,Kil,S,34.0,14
1715,Kil,MP,4.8,2
1715,Kil,C,10.7,4
1715,Kil,L,1.2,0
1715,Kil,M,22.3,9
1715,Kil,KD,3.7,2
1715,Kil,SD,19.5,8
1730,Eda,V,5.9,2
1730,Eda,S,23.1,6
1730,Eda,MP,0.9,0
1730,Eda,C,8.9,2
1730,Eda,L,1.9,0
1730,Eda,M,24.3,6
1730,Eda,KD,7.0,2
1730,Eda,SD,19.2,5
1737,Torsby,V,3.4,1
1737,Torsby,S,33.9,11
1737,Torsby,MP,0.9,0
1737,Torsby,C,10.4,3
1737,Torsby,L,0.4,0
1737,Torsby,M,17.5,6
1737,Torsby,KD,3.8,1
1737,Torsby,SD,13.1,4
1760,Storfors,V,4.9,1
1760,Storfors,S,31.8,8
1760,Storfors,MP,1.6,0
1760,Storfors,C,6.6,2
1760,Storfors,L,0.5,0
1760,Storfors,M,33.9,9
1760,Storfors,KD,2.4,1
1760,Storfors,SD,16.9,4
1761,Hammarö,V,4.2,1
1761,Hammarö,S,31.3,10
1761,Hammarö,MP,6.3,2
1761,Hammarö,C,5.2,2
1761,Hammarö,L,4.8,1
1761,Hammarö,M,30.4,9
1761,Hammarö,KD,6.4,2
1761,Hammarö,SD,8.4,3
1762,Munkfors,V,8.6,2
1762,Munkfors,S,52.7,12
1762,Munkfors,MP,1.3,0
1762,Munkfors,C,9.9,2
1762,Munkfors,L,0.4,0
1762,Munkfors,M,15.2,3
1762,Munkfors,KD,0.6,0
1762,Munkfors,SD,10.9,2
1763,Forshaga,V,4.9,2
1763,Forshaga,S,38.0,16
1763,Forshaga,MP,2.8,1
1763,Forshaga,C,10.1,4
1763,Forshaga,L,1.9,0
1763,Forshaga,M,18.3,8
1763,Forshaga,KD,7.0,3
1763,Forshaga,SD,17.0,7
1764,Grums,V,4.2,1
1764,Grums,S,41.3,13
1764,Grums,MP,2.5,1
1764,Grums,C,5.6,2
1764,Grums,L,0.5,0
1764,Grums,M,22.8,7
1764,Grums,KD,2.3,1
1764,Grums,SD,20.6,6
1765,Årjäng,V,2.4,1
1765,Årjäng,S,28.2,10
1765,Årjäng,MP,3.1,1
1765,Årjäng,C,8.0,3
1765,Årjäng,L,5.0,2
1765,Årjäng,M,13.3,4
1765,Årjäng,KD,25.4,9
1765,Årjäng,SD,14.7,5
1766,Sunne,V,3.7,2
1766,Sunne,S,21.9,9
1766,Sunne,MP,2.9,1
1766,Sunne,C,16.6,7
1766,Sunne,L,4.8,2
1766,Sunne,M,27.4,11
1766,Sunne,KD,2.6,1
1766,Sunne,SD,13.5,5
1780,Karlstad,V,7.2,5
1780,Karlstad,S,34.6,21
1780,Karlstad,MP,5.2,3
1780,Karlstad,C,5.7,4
1780,Karlstad,L,3.5,2
1780,Karlstad,M,24.8,15
1780,Karlstad,KD,5.9,4
1780,Karlstad,SD,11.1,7
1781,Kristinehamn,V,7.4,3
1781,Kristinehamn,S,28.7,12
1781,Kristinehamn,MP,3.6,1
1781,Kristinehamn,C,5.9,2
1781,Kristinehamn,L,10.9,5
1781,Kristinehamn,M,23.9,10
1781,Kristinehamn,KD,4.1,2
1781,Kristinehamn,SD,15.4,6
1782,Filipstad,V,6.4,2
1782,Filipstad,S,43.5,11
1782,Filipstad,MP,1.8,0
1782,Filipstad,C,2.7,1
1782,Filipstad,L,3.9,1
1782,Filipstad,M,21.6,6
1782,Filipstad,KD,1.9,0
1782,Filipstad,SD,17.3,4
1783,Hagfors,V,3.6,1
1783,Hagfors,S,34.6,13
1783,Hagfors,MP,1.4,0
1783,Hagfors,C,3.6,1
1783,Hagfors,L,0.5,0
1783,Hagfors,M,3.3,1
1783,Hagfors,KD,0.6,0
1783,Hagfors,SD,9.5,4
1784,Arvika,V,4.8,2
1784,Arvika,S,34.7,17
1784,Arvika,MP,5.9,3
1784,Arvika,C,4.5,2
1784,Arvika,L,0.6,0
1784,Arvika,M,22.8,11
1784,Arvika,KD,5.1,3
1784,Arvika,SD,11.6,6
1785,Säffle,V,3.1,1
1785,Säffle,S,21.2,9
1785,Säffle,MP,3.6,2
1785,Säffle,C,15.6,6
1785,Säffle,L,2.3,1
1785,Säffle,M,18.4,8
1785,Säffle,KD,7.8,3
1785,Säffle,SD,13.9,6
1814,Lekeberg,V,3.6,1
1814,Lekeberg,S,20.3,7
1814,Lekeberg,MP,3.3,1
1814,Lekeberg,C,13.1,5
1814,Lekeberg,L,3.5,1
1814,Lekeberg,M,35.2,13
1814,Lekeberg,KD,7.0,2
1814,Lekeberg,SD,10.9,4
1860,Laxå,V,10.1,3
1860,Laxå,S,22.3,7
1860,Laxå,MP,1.2,0
1860,Laxå,C,20.4,6
1860,Laxå,L,0.4,0
1860,Laxå,M,26.7,9
1860,Laxå,KD,10.2,3
1860,Laxå,SD,8.3,3
1861,Hallsberg,V,5.8,3
1861,Hallsberg,S,36.9,17
1861,Hallsberg,MP,2.9,1
1861,Hallsberg,C,7.1,3
1861,Hallsberg,L,4.1,2
1861,Hallsberg,M,18.3,8
1861,Hallsberg,KD,3.8,2
1861,Hallsberg,SD,20.9,9
1862,Degerfors,V,15.1,5
1862,Degerfors,S,27.6,8
1862,Degerfors,MP,2.9,1
1862,Degerfors,C,6.1,2
1862,Degerfors,L,0.9,0
1862,Degerfors,M,18.7,6
1862,Degerfors,KD,5.0,2
1862,Degerfors,SD,23.1,7
1863,Hällefors,V,9.9,3
1863,Hällefors,S,25.2,7
1863,Hällefors,MP,2.3,1
1863,Hällefors,C,8.8,2
1863,Hällefors,L,0.2,0
1863,Hällefors,M,18.0,5
1863,Hällefors,KD,0.3,0
1863,Hällefors,SD,6.4,2
1864,Ljusnarsberg,V,8.0,2
1864,Ljusnarsberg,S,36.0,8
1864,Ljusnarsberg,MP,0.8,0
1864,Ljusnarsberg,C,0.7,0
1864,Ljusnarsberg,L,0.4,0
1864,Ljusnarsberg,M,27.3,6
1864,Ljusnarsberg,KD,0.3,0
1864,Ljusnarsberg,SD,25.2,5
1880,Örebro,V,10.1,7
1880,Örebro,S,30.4,19
1880,Örebro,MP,4.5,3
1880,Örebro,C,5.8,4
1880,Örebro,L,5.1,3
1880,Örebro,M,14.8,10
1880,Örebro,KD,5.7,4
1880,Örebro,SD,6.1,4
1881,Kumla,V,6.7,3
1881,Kumla,S,30.8,14
1881,Kumla,MP,1.8,0
1881,Kumla,C,7.6,4
1881,Kumla,L,15.4,7
1881,Kumla,M,16.9,8
1881,Kumla,KD,5.4,2
1881,Kumla,SD,15.2,7
1882,Askersund,V,4.1,1
1882,Askersund,S,29.6,10
1882,Askersund,MP,3.7,1
1882,Askersund,C,7.7,3
1882,Askersund,L,3.0,1
1882,Askersund,M,24.2,8
1882,Askersund,KD,5.1,2
1882,Askersund,SD,18.2,6
1883,Karlskoga,V,6.6,3
1883,Karlskoga,S,30.0,16
1883,Karlskoga,MP,2.1,1
1883,Karlskoga,C,2.2,1
1883,Karlskoga,L,1.7,0
1883,Karlskoga,M,43.6,23
1883,Karlskoga,KD,3.2,2
1883,Karlskoga,SD,10.4,5
1884,Nora,V,6.0,2
1884,Nora,S,28.0,10
1884,Nora,MP,5.9,2
1884,Nora,C,6.9,2
1884,Nora,L,0.8,0
1884,Nora,M,19.3,7
1884,Nora,KD,2.4,1
1884,Nora,SD,11.6,4
1885,Lindesberg,V,6.2,3
1885,Lindesberg,S,25.6,12
1885,Lindesberg,MP,4.0,2
1885,Lindesberg,C,5.7,3
1885,Lindesberg,L,5.4,2
1885,Lindesberg,M,17.9,8
1885,Lindesberg,KD,5.0,2
1885,Lindesberg,SD,20.2,9
1904,Skinnskatteberg,V,15.4,4
1904,Skinnskatteberg,S,33.6,8
1904,Skinnskatteberg,MP,0.0,0
1904,Skinnskatteberg,C,0.0,0
1904,Skinnskatteberg,L,12.5,3
1904,Skinnskatteberg,M,9.0,2
1904,Skinnskatteberg,KD,0.0,0
1904,Skinnskatteberg,SD,29.6,8
1907,Surahammar,V,5.5,2
1907,Surahammar,S,26.4,8
1907,Surahammar,MP,0.0,0
1907,Surahammar,C,3.0,1
1907,Surahammar,L,1.3,0
1907,Surahammar,M,26.6,8
1907,Surahammar,KD,2.6,1
1907,Surahammar,SD,20.2,6
1960,Kungsör,V,7.9,2
1960,Kungsör,S,30.1,10
1960,Kungsör,MP,0.0,0
1960,Kungsör,C,12.3,4
1960,Kungsör,L,4.3,1
1960,Kungsör,M,19.2,6
1960,Kungsör,KD,3.9,1
1960,Kungsör,SD,22.4,7
1961,Hallstahammar,V,10.0,4
1961,Hallstahammar,S,32.8,12
1961,Hallstahammar,MP,3.1,1
1961,Hallstahammar,C,4.0,2
1961,Hallstahammar,L,3.6,1
1961,Hallstahammar,M,22.1,8
1961,Hallstahammar,KD,3.8,1
1961,Hallstahammar,SD,19.9,8
1962,Norberg,V,8.0,2
1962,Norberg,S,35.9,7
1962,Norberg,MP,3.2,1
1962,Norberg,C,0.7,0
1962,Norberg,L,8.3,2
1962,Norberg,M,14.6,3
1962,Norberg,KD,1.1,0
1962,Norberg,SD,7.7,2
1980,Västerås,V,9.5,6
1980,Västerås,S,30.1,19
1980,Västerås,MP,3.6,2
1980,Västerås,C,5.2,3
1980,Västerås,L,8.3,5
1980,Västerås,M,23.7,15
1980,Västerås,KD,5.3,3
1980,Västerås,SD,13.6,8
1981,Sala,V,5.9,3
1981,Sala,S,27.6,13
1981,Sala,MP,3.2,1
1981,Sala,C,10.8,5
1981,Sala,L,1.8,0
1981,Sala,M,18.0,8
1981,Sala,KD,4.2,2
1981,Sala,SD,19.6,9
1982,Fagersta,V,17.3,6
1982,Fagersta,S,37.5,13
1982,Fagersta,MP,0.0,0
1982,Fagersta,C,2.6,1
1982,Fagersta,L,2.9,1
1982,Fagersta,M,16.3,6
1982,Fagersta,KD,2.1,1
1982,Fagersta,SD,20.1,7
1983,Köping,V,8.6,4
1983,Köping,S,32.8,17
1983,Köping,MP,1.8,0
1983,Köping,C,4.6,2
1983,Köping,L,2.3,1
1983,Köping,M,13.0,7
1983,Köping,KD,4.8,2
1983,Köping,SD,21.2,11
1984,Arboga,V,6.5,2
1984,Arboga,S,37.0,11
1984,Arboga,MP,3.4,1
1984,Arboga,C,5.3,2
1984,Arboga,L,4.4,1
1984,Arboga,M,18.4,6
1984,Arboga,KD,4.8,2
1984,Arboga,SD,20.1,6
2021,Vansbro,V,6.4,2
2021,Vansbro,S,21.1,6
2021,Vansbro,MP,1.0,0
2021,Vansbro,C,24.6,8
2021,Vansbro,L,0.4,0
2021,Vansbro,M,18.3,6
2021,Vansbro,KD,18.1,6
2021,Vansbro,SD,10.2,3
2023,Malung-Sälen,V,0.0,0
2023,Malung-Sälen,S,36.9,14
2023,Malung-Sälen,MP,0.9,0
2023,Malung-Sälen,C,5.2,2
2023,Malung-Sälen,L,2.4,1
2023,Malung-Sälen,M,24.8,10
2023,Malung-Sälen,KD,2.6,1
2023,Malung-Sälen,SD,16.9,7
2026,Gagnef,V,2.8,1
2026,Gagnef,S,20.6,7
2026,Gagnef,MP,4.9,2
2026,Gagnef,C,18.8,7
2026,Gagnef,L,2.1,1
2026,Gagnef,M,13.2,5
2026,Gagnef,KD,15.1,5
2026,Gagnef,SD,12.5,4
2029,Leksand,V,8.3,3
2029,Leksand,S,15.9,7
2029,Leksand,MP,5.1,2
2029,Leksand,C,9.1,4
2029,Leksand,L,2.2,1
2029,Leksand,M,18.8,8
2029,Leksand,KD,12.1,5
2029,Leksand,SD,8.5,3
2031,Rättvik,V,3.1,1
2031,Rättvik,S,32.0,13
2031,Rättvik,MP,0.8,0
2031,Rättvik,C,20.9,8
2031,Rättvik,L,0.7,0
2031,Rättvik,M,19.1,8
2031,Rättvik,KD,6.0,2
2031,Rättvik,SD,17.2,7
2034,Orsa,V,5.3,2
2034,Orsa,S,21.7,7
2034,Orsa,MP,4.2,1
2034,Orsa,C,33.1,10
2034,Orsa,L,0.1,0
2034,Orsa,M,11.1,4
2034,Orsa,KD,4.4,1
2034,Orsa,SD,20.0,6
2039,Älvdalen,V,5.6,2
2039,Älvdalen,S,22.9,8
2039,Älvdalen,MP,0.5,0
2039,Älvdalen,C,26.4,10
2039,Älvdalen,L,0.3,0
2039,Älvdalen,M,8.5,3
2039,Älvdalen,KD,3.6,1
2039,Älvdalen,SD,22.2,8
2061,Smedjebacken,V,3.2,1
2061,Smedjebacken,S,56.3,20
2061,Smedjebacken,MP,2.5,1
2061,Smedjebacken,C,3.8,1
2061,Smedjebacken,L,0.7,0
2061,Smedjebacken,M,18.2,7
2061,Smedjebacken,KD,1.6,0
2061,Smedjebacken,SD,13.6,5
2062,Mora,V,5.4,2
2062,Mora,S,23.3,10
2062,Mora,MP,2.2,1
2062,Mora,C,13.7,6
2062,Mora,L,0.6,0
2062,Mora,M,13.9,6
2062,Mora,KD,8.2,3
2062,Mora,SD,12.1,5
2080,Falun,V,7.2,4
2080,Falun,S,28.8,18
2080,Falun,MP,6.5,4
2080,Falun,C,10.5,7
2080,Falun,L,7.0,4
2080,Falun,M,21.3,13
2080,Falun,KD,7.1,4
2080,Falun,SD,11.2,7
2081,Borlänge,V,7.4,5
2081,Borlänge,S,34.6,21
2081,Borlänge,MP,4.2,3
2081,Borlänge,C,7.0,4
2081,Borlänge,L,3.7,2
2081,Borlänge,M,19.7,12
2081,Borlänge,KD,4.9,3
2081,Borlänge,SD,17.1,11
2082,Säter,V,4.6,2
2082,Säter,S,31.5,11
2082,Säter,MP,3.0,1
2082,Säter,C,15.1,5
2082,Säter,L,0.4,0
2082,Säter,M,24.6,9
2082,Säter,KD,5.0,2
2082,Säter,SD,14.0,5
2083,Hedemora,V,4.6,2
2083,Hedemora,S,27.4,10
2083,Hedemora,MP,5.3,2
2083,Hedemora,C,9.5,3
2083,Hedemora,L,0.5,0
2083,Hedemora,M,22.5,8
2083,Hedemora,KD,7.2,2
2083,Hedemora,SD,13.7,5
2084,Avesta,V,5.5,2
2084,Avesta,S,37.9,16
2084,Avesta,MP,2.1,1
2084,Avesta,C,5.8,2
2084,Avesta,L,1.5,0
2084,Avesta,M,27.8,12
2084,Avesta,KD,4.4,2
2084,Avesta,SD,13.2,6
2085,Ludvika,V,9.1,4
2085,Ludvika,S,30.4,14
2085,Ludvika,MP,3.1,1
2085,Ludvika,C,8.6,4
2085,Ludvika,L,1.6,0
2085,Ludvika,M,22.9,11
2085,Ludvika,KD,3.8,2
2085,Ludvika,SD,12.2,6
2101,Ockelbo,V,4.0,1
2101,Ockelbo,S,33.9,11
2101,Ockelbo,MP,4.7,1
2101,Ockelbo,C,14.4,5
2101,Ockelbo,L,0.7,0
2101,Ockelbo,M,10.2,3
2101,Ockelbo,KD,12.4,4
2101,Ockelbo,SD,19.2,6
2104,Hofors,V,11.4,4
2104,Hofors,S,26.2,8
2104,Hofors,MP,0.8,0
2104,Hofors,C,8.4,3
2104,Hofors,L,4.2,1
2104,Hofors,M,17.1,5
2104,Hofors,KD,13.6,4
2104,Hofors,SD,18.0,6
2121,Ovanåker,V,5.8,2
2121,Ovanåker,S,23.1,8
2121,Ovanåker,MP,1.7,0
2121,Ovanåker,C,19.4,7
2121,Ovanåker,L,0.3,0
2121,Ovanåker,M,12.8,5
2121,Ovanåker,KD,17.0,6
2121,Ovanåker,SD,19.7,7
2132,Nordanstig,V,6.2,2
2132,Nordanstig,S,29.5,9
2132,Nordanstig,MP,1.1,0
2132,Nordanstig,C,10.9,4
2132,Nordanstig,L,0.7,0
2132,Nordanstig,M,21.1,7
2132,Nordanstig,KD,4.4,1
2132,Nordanstig,SD,18.4,6
2161,Ljusdal,V,3.7,2
2161,Ljusdal,S,18.3,7
2161,Ljusdal,MP,9.8,4
2161,Ljusdal,C,12.6,5
2161,Ljusdal,L,17.5,7
2161,Ljusdal,M,11.8,5
2161,Ljusdal,KD,2.0,1
2161,Ljusdal,SD,12.4,5
2180,Gävle,V,8.4,6
2180,Gävle,S,32.1,21
2180,Gävle,MP,4.8,3
2180,Gävle,C,4.6,3
2180,Gävle,L,3.1,2
2180,Gävle,M,21.1,14
2180,Gävle,KD,5.6,4
2180,Gävle,SD,19.0,12
2181,Sandviken,V,7.8,4
2181,Sandviken,S,29.7,15
2181,Sandviken,MP,3.4,2
2181,Sandviken,C,5.3,3
2181,Sandviken,L,2.6,1
2181,Sandviken,M,23.9,12
2181,Sandviken,KD,5.2,3
2181,Sandviken,SD,22.0,11
2182,Söderhamn,V,9.3,5
2182,Söderhamn,S,30.5,16
2182,Söderhamn,MP,2.2,1
2182,Söderhamn,C,12.6,6
2182,Söderhamn,L,1.8,0
2182,Söderhamn,M,16.3,8
2182,Söderhamn,KD,5.9,3
2182,Söderhamn,SD,19.7,10
2183,Bollnäs,V,5.8,3
2183,Bollnäs,S,26.2,12
2183,Bollnäs,MP,2.9,1
2183,Bollnäs,C,10.3,5
2183,Bollnäs,L,2.6,1
2183,Bollnäs,M,9.4,4
2183,Bollnäs,KD,6.1,3
2183,Bollnäs,SD,19.6,9
2184,Hudiksvall,V,8.3,4
2184,Hudiksvall,S,26.8,14
2184,Hudiksvall,MP,4.5,2
2184,Hudiksvall,C,19.3,10
2184,Hudiksvall,L,1.2,0
2184,Hudiksvall,M,19.7,11
2184,Hudiksvall,KD,3.7,2
2184,Hudiksvall,SD,15.3,8
2260,Ånge,V,4.3,2
2260,Ånge,S,31.0,11
2260,Ånge,MP,0.5,0
2260,Ånge,C,3.3,1
2260,Ånge,L,0.1,0
2260,Ånge,M,9.1,3
2260,Ånge,KD,4.0,1
2260,Ånge,SD,13.3,5
2262,Timrå,V,5.0,2
2262,Timrå,S,34.0,14
2262,Timrå,MP,2.6,1
2262,Timrå,C,4.4,2
2262,Timrå,L,1.4,0
2262,Timrå,M,14.2,6
2262,Timrå,KD,4.6,2
2262,Timrå,SD,14.3,6
2280,Härnösand,V,6.9,3
2280,Härnösand,S,30.5,13
2280,Härnösand,MP,10.4,4
2280,Härnösand,C,8.2,4
2280,Härnösand,L,2.5,1
2280,Härnösand,M,20.9,9
2280,Härnösand,KD,3.6,2
2280,Härnösand,SD,10.4,4
2281,Sundsvall,V,7.4,5
2281,Sundsvall,S,33.7,25
2281,Sundsvall,MP,3.8,3
2281,Sundsvall,C,5.6,4
2281,Sundsvall,L,2.3,0
2281,Sundsvall,M,22.1,16
2281,Sundsvall,KD,7.2,5
2281,Sundsvall,SD,13.2,10
2282,Kramfors,V,7.8,3
2282,Kramfors,S,20.9,7
2282,Kramfors,MP,2.1,1
2282,Kramfors,C,19.7,7
2282,Kramfors,L,0.8,0
2282,Kramfors,M,7.9,3
2282,Kramfors,KD,3.1,1
2282,Kramfors,SD,12.0,4
2283,Sollefteå,V,7.6,3
2283,Sollefteå,S,19.5,8
2283,Sollefteå,MP,1.8,0
2283,Sollefteå,C,33.0,13
2283,Sollefteå,L,0.2,0
2283,Sollefteå,M,3.7,2
2283,Sollefteå,KD,3.6,1
2283,Sollefteå,SD,11.4,5
2284,Örnsköldsvik,V,5.9,4
2284,Örnsköldsvik,S,35.8,22
2284,Örnsköldsvik,MP,2.0,0
2284,Örnsköldsvik,C,12.2,8
2284,Örnsköldsvik,L,0.8,0
2284,Örnsköldsvik,M,17.4,11
2284,Örnsköldsvik,KD,7.6,5
2284,Örnsköldsvik,SD,9.8,6
2303,Ragunda,V,5.8,1
2303,Ragunda,S,37.5,10
2303,Ragunda,MP,0.7,0
2303,Ragunda,C,20.6,5
2303,Ragunda,L,1.0,0
2303,Ragunda,M,9.5,2
2303,Ragunda,KD,2.5,1
2303,Ragunda,SD,14.8,4
2305,Bräcke,V,4.9,1
2305,Bräcke,S,35.5,10
2305,Bräcke,MP,1.0,0
2305,Bräcke,C,8.7,3
2305,Bräcke,L,0.4,0
2305,Bräcke,M,20.9,6
2305,Bräcke,KD,1.4,0
2305,Bräcke,SD,11.2,3
2309,Krokom,V,5.8,2
2309,Krokom,S,21.1,9
2309,Krokom,MP,5.5,2
2309,Krokom,C,26.7,11
2309,Krokom,L,0.7,0
2309,Krokom,M,15.9,7
2309,Krokom,KD,3.2,1
2309,Krokom,SD,11.1,5
2313,Strömsund,V,7.0,3
2313,Strömsund,S,31.9,12
2313,Strömsund,MP,0.7,0
2313,Strömsund,C,9.9,4
2313,Strömsund,L,0.3,0
2313,Strömsund,M,31.8,11
2313,Strömsund,KD,1.5,0
2313,Strömsund,SD,14.5,5
2321,Åre,V,5.0,2
2321,Åre,S,21.9,8
2321,Åre,MP,10.3,4
2321,Åre,C,17.4,7
2321,Åre,L,0.5,0
2321,Åre,M,15.0,6
2321,Åre,KD,3.0,1
2321,Åre,SD,6.7,2
2326,Berg,V,4.0,1
2326,Berg,S,36.7,12
2326,Berg,MP,0.9,0
2326,Berg,C,15.4,5
2326,Berg,L,0.7,0
2326,Berg,M,27.7,9
2326,Berg,KD,1.8,0
2326,Berg,SD,12.6,4
2361,Härjedalen,V,6.0,2
2361,Härjedalen,S,28.8,9
2361,Härjedalen,MP,1.2,0
2361,Härjedalen,C,11.4,4
2361,Härjedalen,L,6.4,2
2361,Härjedalen,M,20.8,7
2361,Härjedalen,KD,4.8,1
2361,Härjedalen,SD,13.7,4
2380,Östersund,V,6.4,4
2380,Östersund,S,34.8,21
2380,Östersund,MP,7.0,4
2380,Östersund,C,16.2,10
2380,Östersund,L,2.5,2
2380,Östersund,M,18.1,11
2380,Östersund,KD,4.4,3
2380,Östersund,SD,9.6,6
2401,Nordmaling,V,8.0,3
2401,Nordmaling,S,23.9,7
2401,Nordmaling,MP,2.4,1
2401,Nordmaling,C,24.9,8
2401,Nordmaling,L,3.7,1
2401,Nordmaling,M,10.5,3
2401,Nordmaling,KD,17.3,5
2401,Nordmaling,SD,9.1,3
2403,Bjurholm,V,0.0,0
2403,Bjurholm,S,33.0,7
2403,Bjurholm,MP,3.6,1
2403,Bjurholm,C,15.5,3
2403,Bjurholm,L,0.9,0
2403,Bjurholm,M,26.5,5
2403,Bjurholm,KD,7.3,2
2403,Bjurholm,SD,13.2,3
2404,Vindeln,V,0.0,0
2404,Vindeln,S,32.0,9
2404,Vindeln,MP,4.6,1
2404,Vindeln,C,15.4,5
2404,Vindeln,L,0.5,0
2404,Vindeln,M,34.1,10
2404,Vindeln,KD,6.6,2
2404,Vindeln,SD,6.4,2
2409,Robertsfors,V,7.2,2
2409,Robertsfors,S,37.2,12
2409,Robertsfors,MP,3.4,1
2409,Robertsfors,C,22.9,7
2409,Robertsfors,L,0.9,0
2409,Robertsfors,M,15.8,5
2409,Robertsfors,KD,3.7,1
2409,Robertsfors,SD,8.5,3
2417,Norsjö,V,6.6,2
2417,Norsjö,S,39.8,11
2417,Norsjö,MP,1.1,0
2417,Norsjö,C,2.4,1
2417,Norsjö,L,4.2,1
2417,Norsjö,M,24.2,6
2417,Norsjö,KD,17.6,5
2417,Norsjö,SD,4.1,1
2418,Malå,V,9.2,2
2418,Malå,S,30.1,7
2418,Malå,MP,2.7,1
2418,Malå,C,0.0,0
2418,Malå,L,20.8,5
2418,Malå,M,7.6,2
2418,Malå,KD,0.0,0
2418,Malå,SD,7.4,2
2421,Storuman,V,15.5,5
2421,Storuman,S,22.8,7
2421,Storuman,MP,4.2,1
2421,Storuman,C,14.7,4
2421,Storuman,L,10.3,3
2421,Storuman,M,11.8,4
2421,Storuman,KD,4.9,2
2421,Storuman,SD,10.3,3
2422,Sorsele,V,7.3,2
2422,Sorsele,S,27.5,6
2422,Sorsele,MP,8.2,2
2422,Sorsele,C,25.4,5
2422,Sorsele,L,0.3,0
2422,Sorsele,M,23.6,5
2422,Sorsele,KD,1.0,0
2422,Sorsele,SD,6.6,1
2425,Dorotea,V,5.5,1
2425,Dorotea,S,22.8,6
2425,Dorotea,MP,1.2,0
2425,Dorotea,C,4.2,1
2425,Dorotea,L,7.5,2
2425,Dorotea,M,0.7,0
2425,Dorotea,KD,0.5,0
2425,Dorotea,SD,20.7,5
2460,Vännäs,V,10.8,3
2460,Vännäs,S,33.8,11
2460,Vännäs,MP,4.3,1
2460,Vännäs,C,14.3,4
2460,Vännäs,L,0.8,0
2460,Vännäs,M,17.5,6
2460,Vännäs,KD,9.7,3
2460,Vännäs,SD,8.7,3
2462,Vilhelmina,V,6.4,2
2462,Vilhelmina,S,29.0,8
2462,Vilhelmina,MP,4.3,1
2462,Vilhelmina,C,16.9,4
2462,Vilhelmina,L,0.4,0
2462,Vilhelmina,M,9.7,3
2462,Vilhelmina,KD,19.9,5
2462,Vilhelmina,SD,10.0,3
2463,Åsele,V,4.0,1
2463,Åsele,S,19.2,5
2463,Åsele,MP,1.3,0
2463,Åsele,C,22.9,6
2463,Åsele,L,26.7,7
2463,Åsele,M,2.1,0
2463,Åsele,KD,0.9,0
2463,Åsele,SD,10.0,2
2480,Umeå,V,12.8,8
2480,Umeå,S,32.5,21
2480,Umeå,MP,9.2,6
2480,Umeå,C,6.9,5
2480,Umeå,L,4.0,3
2480,Umeå,M,20.5,13
2480,Umeå,KD,4.0,3
2480,Umeå,SD,6.1,4
2481,Lycksele,V,5.8,2
2481,Lycksele,S,31.6,10
2481,Lycksele,MP,1.8,0
2481,Lycksele,C,2.5,1
2481,Lycksele,L,2.7,1
2481,Lycksele,M,9.4,3
2481,Lycksele,KD,40.3,12
2481,Lycksele,SD,5.3,2
2482,Skellefteå,V,8.2,5
2482,Skellefteå,S,40.5,27
2482,Skellefteå,MP,4.8,3
2482,Skellefteå,C,7.0,5
2482,Skellefteå,L,1.9,0
2482,Skellefteå,M,19.1,13
2482,Skellefteå,KD,8.0,5
2482,Skellefteå,SD,9.9,7
2505,Arvidsjaur,V,14.4,3
2505,Arvidsjaur,S,39.2,10
2505,Arvidsjaur,MP,0.3,0
2505,Arvidsjaur,C,20.3,5
2505,Arvidsjaur,L,2.1,0
2505,Arvidsjaur,M,12.6,3
2505,Arvidsjaur,KD,0.8,0
2505,Arvidsjaur,SD,10.1,2
2506,Arjeplog,V,7.2,2
2506,Arjeplog,S,39.1,8
2506,Arjeplog,MP,0.3,0
2506,Arjeplog,C,5.5,1
2506,Arjeplog,L,8.3,2
2506,Arjeplog,M,1.6,0
2506,Arjeplog,KD,0.7,0
2506,Arjeplog,SD,3.9,1
2510,Jokkmokk,V,6.7,2
2510,Jokkmokk,S,27.9,6
2510,Jokkmokk,MP,22.5,5
2510,Jokkmokk,C,0.3,0
2510,Jokkmokk,L,0.3,0
2510,Jokkmokk,M,16.6,4
2510,Jokkmokk,KD,2.6,1
2510,Jokkmokk,SD,5.0,1
2513,Överkalix,V,8.4,2
2513,Överkalix,S,25.3,6
2513,Överkalix,MP,0.2,0
2513,Överkalix,C,49.1,13
2513,Överkalix,L,0.6,0
2513,Överkalix,M,4.8,1
2513,Överkalix,KD,6.7,2
2513,Överkalix,SD,4.5,1
2514,Kalix,V,4.4,2
2514,Kalix,S,38.2,14
2514,Kalix,MP,4.6,2
2514,Kalix,C,5.5,2
2514,Kalix,L,3.6,1
2514,Kalix,M,28.6,11
2514,Kalix,KD,2.5,1
2514,Kalix,SD,9.0,3
2518,Övertorneå,V,4.1,1
2518,Övertorneå,S,22.2,6
2518,Övertorneå,MP,0.2,0
2518,Övertorneå,C,21.2,5
2518,Övertorneå,L,0.2,0
2518,Övertorneå,M,0.9,0
2518,Övertorneå,KD,11.1,3
2518,Övertorneå,SD,6.4,2
2521,Pajala,V,31.8,7
2521,Pajala,S,17.4,4
2521,Pajala,MP,0.3,0
2521,Pajala,C,16.7,3
2521,Pajala,L,0.1,0
2521,Pajala,M,5.8,1
2521,Pajala,KD,14.7,3
2521,Pajala,SD,8.1,2
2523,Gällivare,V,9.8,3
2523,Gällivare,S,25.9,9
2523,Gällivare,MP,12.2,4
2523,Gällivare,C,0.5,0
2523,Gällivare,L,0.4,0
2523,Gällivare,M,21.0,8
2523,Gällivare,KD,16.3,6
2523,Gällivare,SD,11.5,4
2560,Älvsbyn,V,6.0,2
2560,Älvsbyn,S,44.7,12
2560,Älvsbyn,MP,0.6,0
2560,Älvsbyn,C,9.5,3
2560,Älvsbyn,L,0.1,0
2560,Älvsbyn,M,25.7,7
2560,Älvsbyn,KD,4.0,1
2560,Älvsbyn,SD,7.1,2
2580,Luleå,V,7.1,4
2580,Luleå,S,36.7,23
2580,Luleå,MP,4.6,3
2580,Luleå,C,6.9,4
2580,Luleå,L,4.2,3
2580,Luleå,M,19.2,12
2580,Luleå,KD,6.9,4
2580,Luleå,SD,10.2,6
2581,Piteå,V,8.1,4
2581,Piteå,S,36.1,19
2581,Piteå,MP,3.1,2
2581,Piteå,C,12.5,6
2581,Piteå,L,1.2,0
2581,Piteå,M,17.7,9
2581,Piteå,KD,5.4,3
2581,Piteå,SD,10.8,6
2582,Boden,V,5.5,3
2582,Boden,S,35.0,17
2582,Boden,MP,2.3,1
2582,Boden,C,8.0,4
2582,Boden,L,1.1,0
2582,Boden,M,19.4,10
2582,Boden,KD,3.4,2
2582,Boden,SD,13.0,6
2583,Haparanda,V,4.2,1
2583,Haparanda,S,30.9,10
2583,Haparanda,MP,0.2,0
2583,Haparanda,C,22.4,7
2583,Haparanda,L,0.1,0
2583,Haparanda,M,12.4,4
2583,Haparanda,KD,6.0,2
2583,Haparanda,SD,16.6,5
2584,Kiruna,V,10.7,5
2584,Kiruna,S,35.4,17
2584,Kiruna,MP,0.7,0
2584,Kiruna,C,3.1,1
2584,Kiruna,L,0.2,0
2584,Kiruna,M,8.2,4
2584,Kiruna,KD,24.1,11
2584,Kiruna,SD,6.9,3
